img_name,label
/home/wjh/ABAW5th/data/train/5/train_0486_aligned.jpg,5
/home/wjh/ABAW5th/data/train/5/train_2358_aligned.jpg,5
/home/wjh/ABAW5th/data/train/5/train_1522_aligned.jpg,5
/home/wjh/ABAW5th/data/train/5/train_0254_aligned.jpg,5
/home/wjh/ABAW5th/data/train/5/train_2404_aligned.jpg,5
/home/wjh/ABAW5th/data/train/5/train_0142_aligned.jpg,5
/home/wjh/ABAW5th/data/train/5/train_2579_aligned.jpg,5
/home/wjh/ABAW5th/data/train/5/train_2833_aligned.jpg,5
/home/wjh/ABAW5th/data/train/5/train_1188_aligned.jpg,5
/home/wjh/ABAW5th/data/train/5/train_2687_aligned.jpg,5
/home/wjh/ABAW5th/data/train/5/train_2149_aligned.jpg,5
/home/wjh/ABAW5th/data/train/5/train_2866_aligned.jpg,5
/home/wjh/ABAW5th/data/train/5/train_0362_aligned.jpg,5
/home/wjh/ABAW5th/data/train/5/train_3083_aligned.jpg,5
/home/wjh/ABAW5th/data/train/5/train_2136_aligned.jpg,5
/home/wjh/ABAW5th/data/train/5/train_2644_aligned.jpg,5
/home/wjh/ABAW5th/data/train/5/train_2128_aligned.jpg,5
/home/wjh/ABAW5th/data/train/5/train_0268_aligned.jpg,5
/home/wjh/ABAW5th/data/train/5/train_2081_aligned.jpg,5
/home/wjh/ABAW5th/data/train/5/train_2084_aligned.jpg,5
/home/wjh/ABAW5th/data/train/5/train_0912_aligned.jpg,5
/home/wjh/ABAW5th/data/train/5/train_2207_aligned.jpg,5
/home/wjh/ABAW5th/data/train/5/train_2661_aligned.jpg,5
/home/wjh/ABAW5th/data/train/5/train_0764_aligned.jpg,5
/home/wjh/ABAW5th/data/train/5/train_3051_aligned.jpg,5
/home/wjh/ABAW5th/data/train/5/train_1956_aligned.jpg,5
/home/wjh/ABAW5th/data/train/5/train_1281_aligned.jpg,5
/home/wjh/ABAW5th/data/train/5/train_0709_aligned.jpg,5
/home/wjh/ABAW5th/data/train/5/train_0139_aligned.jpg,5
/home/wjh/ABAW5th/data/train/5/train_1463_aligned.jpg,5
/home/wjh/ABAW5th/data/train/5/train_0729_aligned.jpg,5
/home/wjh/ABAW5th/data/train/5/train_1686_aligned.jpg,5
/home/wjh/ABAW5th/data/train/5/train_0957_aligned.jpg,5
/home/wjh/ABAW5th/data/train/5/train_0742_aligned.jpg,5
/home/wjh/ABAW5th/data/train/5/train_0634_aligned.jpg,5
/home/wjh/ABAW5th/data/train/5/train_1950_aligned.jpg,5
/home/wjh/ABAW5th/data/train/5/train_1762_aligned.jpg,5
/home/wjh/ABAW5th/data/train/5/train_1396_aligned.jpg,5
/home/wjh/ABAW5th/data/train/5/train_0271_aligned.jpg,5
/home/wjh/ABAW5th/data/train/5/train_0992_aligned.jpg,5
/home/wjh/ABAW5th/data/train/5/train_1047_aligned.jpg,5
/home/wjh/ABAW5th/data/train/5/train_2888_aligned.jpg,5
/home/wjh/ABAW5th/data/train/5/train_1556_aligned.jpg,5
/home/wjh/ABAW5th/data/train/5/train_0765_aligned.jpg,5
/home/wjh/ABAW5th/data/train/5/train_3038_aligned.jpg,5
/home/wjh/ABAW5th/data/train/5/train_1105_aligned.jpg,5
/home/wjh/ABAW5th/data/train/5/train_1506_aligned.jpg,5
/home/wjh/ABAW5th/data/train/5/train_2059_aligned.jpg,5
/home/wjh/ABAW5th/data/train/5/train_1993_aligned.jpg,5
/home/wjh/ABAW5th/data/train/5/train_2837_aligned.jpg,5
/home/wjh/ABAW5th/data/train/5/train_0684_aligned.jpg,5
/home/wjh/ABAW5th/data/train/5/train_1408_aligned.jpg,5
/home/wjh/ABAW5th/data/train/5/train_0270_aligned.jpg,5
/home/wjh/ABAW5th/data/train/5/train_1184_aligned.jpg,5
/home/wjh/ABAW5th/data/train/5/train_1247_aligned.jpg,5
/home/wjh/ABAW5th/data/train/5/train_1513_aligned.jpg,5
/home/wjh/ABAW5th/data/train/5/train_0411_aligned.jpg,5
/home/wjh/ABAW5th/data/train/5/train_2339_aligned.jpg,5
/home/wjh/ABAW5th/data/train/5/train_0434_aligned.jpg,5
/home/wjh/ABAW5th/data/train/5/train_2839_aligned.jpg,5
/home/wjh/ABAW5th/data/train/5/train_2956_aligned.jpg,5
/home/wjh/ABAW5th/data/train/5/train_1472_aligned.jpg,5
/home/wjh/ABAW5th/data/train/5/train_2855_aligned.jpg,5
/home/wjh/ABAW5th/data/train/5/train_2984_aligned.jpg,5
/home/wjh/ABAW5th/data/train/5/train_0507_aligned.jpg,5
/home/wjh/ABAW5th/data/train/5/train_0147_aligned.jpg,5
/home/wjh/ABAW5th/data/train/5/train_2356_aligned.jpg,5
/home/wjh/ABAW5th/data/train/5/train_0030_aligned.jpg,5
/home/wjh/ABAW5th/data/train/5/train_1273_aligned.jpg,5
/home/wjh/ABAW5th/data/train/5/train_0523_aligned.jpg,5
/home/wjh/ABAW5th/data/train/5/train_1168_aligned.jpg,5
/home/wjh/ABAW5th/data/train/5/train_0410_aligned.jpg,5
/home/wjh/ABAW5th/data/train/5/train_1251_aligned.jpg,5
/home/wjh/ABAW5th/data/train/5/train_2090_aligned.jpg,5
/home/wjh/ABAW5th/data/train/5/train_2171_aligned.jpg,5
/home/wjh/ABAW5th/data/train/5/train_2803_aligned.jpg,5
/home/wjh/ABAW5th/data/train/5/train_2678_aligned.jpg,5
/home/wjh/ABAW5th/data/train/5/train_0162_aligned.jpg,5
/home/wjh/ABAW5th/data/train/5/train_0978_aligned.jpg,5
/home/wjh/ABAW5th/data/train/5/train_0407_aligned.jpg,5
/home/wjh/ABAW5th/data/train/5/train_1103_aligned.jpg,5
/home/wjh/ABAW5th/data/train/5/train_0675_aligned.jpg,5
/home/wjh/ABAW5th/data/train/5/train_2995_aligned.jpg,5
/home/wjh/ABAW5th/data/train/5/train_2756_aligned.jpg,5
/home/wjh/ABAW5th/data/train/5/train_1037_aligned.jpg,5
/home/wjh/ABAW5th/data/train/5/train_2164_aligned.jpg,5
/home/wjh/ABAW5th/data/train/5/train_2210_aligned.jpg,5
/home/wjh/ABAW5th/data/train/5/train_1618_aligned.jpg,5
/home/wjh/ABAW5th/data/train/5/train_0182_aligned.jpg,5
/home/wjh/ABAW5th/data/train/5/train_1821_aligned.jpg,5
/home/wjh/ABAW5th/data/train/5/train_0024_aligned.jpg,5
/home/wjh/ABAW5th/data/train/5/train_1734_aligned.jpg,5
/home/wjh/ABAW5th/data/train/5/train_2967_aligned.jpg,5
/home/wjh/ABAW5th/data/train/5/train_1626_aligned.jpg,5
/home/wjh/ABAW5th/data/train/5/train_0574_aligned.jpg,5
/home/wjh/ABAW5th/data/train/5/train_0852_aligned.jpg,5
/home/wjh/ABAW5th/data/train/5/train_0757_aligned.jpg,5
/home/wjh/ABAW5th/data/train/5/train_2198_aligned.jpg,5
/home/wjh/ABAW5th/data/train/5/train_1087_aligned.jpg,5
/home/wjh/ABAW5th/data/train/5/train_0717_aligned.jpg,5
/home/wjh/ABAW5th/data/train/5/train_1262_aligned.jpg,5
/home/wjh/ABAW5th/data/train/5/train_1951_aligned.jpg,5
/home/wjh/ABAW5th/data/train/5/train_2014_aligned.jpg,5
/home/wjh/ABAW5th/data/train/5/train_2442_aligned.jpg,5
/home/wjh/ABAW5th/data/train/5/train_1067_aligned.jpg,5
/home/wjh/ABAW5th/data/train/5/train_3076_aligned.jpg,5
/home/wjh/ABAW5th/data/train/5/train_0891_aligned.jpg,5
/home/wjh/ABAW5th/data/train/5/train_0007_aligned.jpg,5
/home/wjh/ABAW5th/data/train/5/train_2892_aligned.jpg,5
/home/wjh/ABAW5th/data/train/5/train_2093_aligned.jpg,5
/home/wjh/ABAW5th/data/train/5/train_2977_aligned.jpg,5
/home/wjh/ABAW5th/data/train/5/train_0512_aligned.jpg,5
/home/wjh/ABAW5th/data/train/5/train_0676_aligned.jpg,5
/home/wjh/ABAW5th/data/train/5/train_0719_aligned.jpg,5
/home/wjh/ABAW5th/data/train/5/train_2322_aligned.jpg,5
/home/wjh/ABAW5th/data/train/5/train_0470_aligned.jpg,5
/home/wjh/ABAW5th/data/train/5/train_0307_aligned.jpg,5
/home/wjh/ABAW5th/data/train/5/train_2876_aligned.jpg,5
/home/wjh/ABAW5th/data/train/5/train_1828_aligned.jpg,5
/home/wjh/ABAW5th/data/train/5/train_2961_aligned.jpg,5
/home/wjh/ABAW5th/data/train/5/train_1890_aligned.jpg,5
/home/wjh/ABAW5th/data/train/5/train_1750_aligned.jpg,5
/home/wjh/ABAW5th/data/train/5/train_0755_aligned.jpg,5
/home/wjh/ABAW5th/data/train/5/train_0611_aligned.jpg,5
/home/wjh/ABAW5th/data/train/5/train_3139_aligned.jpg,5
/home/wjh/ABAW5th/data/train/5/train_0032_aligned.jpg,5
/home/wjh/ABAW5th/data/train/5/train_2341_aligned.jpg,5
/home/wjh/ABAW5th/data/train/5/train_0839_aligned.jpg,5
/home/wjh/ABAW5th/data/train/5/train_0370_aligned.jpg,5
/home/wjh/ABAW5th/data/train/5/train_0956_aligned.jpg,5
/home/wjh/ABAW5th/data/train/5/train_0552_aligned.jpg,5
/home/wjh/ABAW5th/data/train/5/train_2177_aligned.jpg,5
/home/wjh/ABAW5th/data/train/5/train_0696_aligned.jpg,5
/home/wjh/ABAW5th/data/train/5/train_1636_aligned.jpg,5
/home/wjh/ABAW5th/data/train/5/train_0800_aligned.jpg,5
/home/wjh/ABAW5th/data/train/5/train_0269_aligned.jpg,5
/home/wjh/ABAW5th/data/train/5/train_0510_aligned.jpg,5
/home/wjh/ABAW5th/data/train/5/train_1635_aligned.jpg,5
/home/wjh/ABAW5th/data/train/1/train_0327_aligned.jpg,1
/home/wjh/ABAW5th/data/train/1/train_0204_aligned.jpg,1
/home/wjh/ABAW5th/data/train/1/train_2242_aligned.jpg,1
/home/wjh/ABAW5th/data/train/1/train_0417_aligned.jpg,1
/home/wjh/ABAW5th/data/train/1/train_3137_aligned.jpg,1
/home/wjh/ABAW5th/data/train/1/train_2683_aligned.jpg,1
/home/wjh/ABAW5th/data/train/1/train_2185_aligned.jpg,1
/home/wjh/ABAW5th/data/train/1/train_2250_aligned.jpg,1
/home/wjh/ABAW5th/data/train/1/train_1485_aligned.jpg,1
/home/wjh/ABAW5th/data/train/1/train_1891_aligned.jpg,1
/home/wjh/ABAW5th/data/train/1/train_0207_aligned.jpg,1
/home/wjh/ABAW5th/data/train/1/train_2542_aligned.jpg,1
/home/wjh/ABAW5th/data/train/1/train_2464_aligned.jpg,1
/home/wjh/ABAW5th/data/train/1/train_3080_aligned.jpg,1
/home/wjh/ABAW5th/data/train/1/train_0548_aligned.jpg,1
/home/wjh/ABAW5th/data/train/1/train_2048_aligned.jpg,1
/home/wjh/ABAW5th/data/train/1/train_2062_aligned.jpg,1
/home/wjh/ABAW5th/data/train/1/train_0758_aligned.jpg,1
/home/wjh/ABAW5th/data/train/1/train_2412_aligned.jpg,1
/home/wjh/ABAW5th/data/train/1/train_2187_aligned.jpg,1
/home/wjh/ABAW5th/data/train/1/train_2514_aligned.jpg,1
/home/wjh/ABAW5th/data/train/1/train_3104_aligned.jpg,1
/home/wjh/ABAW5th/data/train/1/train_2541_aligned.jpg,1
/home/wjh/ABAW5th/data/train/1/train_2160_aligned.jpg,1
/home/wjh/ABAW5th/data/train/1/train_2528_aligned.jpg,1
/home/wjh/ABAW5th/data/train/1/train_2026_aligned.jpg,1
/home/wjh/ABAW5th/data/train/1/train_2286_aligned.jpg,1
/home/wjh/ABAW5th/data/train/1/train_1052_aligned.jpg,1
/home/wjh/ABAW5th/data/train/1/train_1728_aligned.jpg,1
/home/wjh/ABAW5th/data/train/1/train_0140_aligned.jpg,1
/home/wjh/ABAW5th/data/train/1/train_1795_aligned.jpg,1
/home/wjh/ABAW5th/data/train/1/train_2838_aligned.jpg,1
/home/wjh/ABAW5th/data/train/1/train_1815_aligned.jpg,1
/home/wjh/ABAW5th/data/train/1/train_3144_aligned.jpg,1
/home/wjh/ABAW5th/data/train/1/train_2524_aligned.jpg,1
/home/wjh/ABAW5th/data/train/1/train_3113_aligned.jpg,1
/home/wjh/ABAW5th/data/train/1/train_0356_aligned.jpg,1
/home/wjh/ABAW5th/data/train/1/train_3129_aligned.jpg,1
/home/wjh/ABAW5th/data/train/1/train_1309_aligned.jpg,1
/home/wjh/ABAW5th/data/train/1/train_2788_aligned.jpg,1
/home/wjh/ABAW5th/data/train/1/train_2602_aligned.jpg,1
/home/wjh/ABAW5th/data/train/1/train_0229_aligned.jpg,1
/home/wjh/ABAW5th/data/train/1/train_1805_aligned.jpg,1
/home/wjh/ABAW5th/data/train/1/train_3040_aligned.jpg,1
/home/wjh/ABAW5th/data/train/1/train_2893_aligned.jpg,1
/home/wjh/ABAW5th/data/train/1/train_1228_aligned.jpg,1
/home/wjh/ABAW5th/data/train/1/train_0119_aligned.jpg,1
/home/wjh/ABAW5th/data/train/1/train_2529_aligned.jpg,1
/home/wjh/ABAW5th/data/train/1/train_1831_aligned.jpg,1
/home/wjh/ABAW5th/data/train/1/train_2155_aligned.jpg,1
/home/wjh/ABAW5th/data/train/1/train_3088_aligned.jpg,1
/home/wjh/ABAW5th/data/train/1/train_2645_aligned.jpg,1
/home/wjh/ABAW5th/data/train/1/train_1778_aligned.jpg,1
/home/wjh/ABAW5th/data/train/1/train_1280_aligned.jpg,1
/home/wjh/ABAW5th/data/train/1/train_0925_aligned.jpg,1
/home/wjh/ABAW5th/data/train/1/train_0990_aligned.jpg,1
/home/wjh/ABAW5th/data/train/1/train_0217_aligned.jpg,1
/home/wjh/ABAW5th/data/train/1/train_3031_aligned.jpg,1
/home/wjh/ABAW5th/data/train/1/train_0365_aligned.jpg,1
/home/wjh/ABAW5th/data/train/1/train_2100_aligned.jpg,1
/home/wjh/ABAW5th/data/train/1/train_2353_aligned.jpg,1
/home/wjh/ABAW5th/data/train/1/train_0085_aligned.jpg,1
/home/wjh/ABAW5th/data/train/1/train_3143_aligned.jpg,1
/home/wjh/ABAW5th/data/train/1/train_2494_aligned.jpg,1
/home/wjh/ABAW5th/data/train/1/train_2473_aligned.jpg,1
/home/wjh/ABAW5th/data/train/1/train_1842_aligned.jpg,1
/home/wjh/ABAW5th/data/train/1/train_1661_aligned.jpg,1
/home/wjh/ABAW5th/data/train/1/train_2414_aligned.jpg,1
/home/wjh/ABAW5th/data/train/1/train_1071_aligned.jpg,1
/home/wjh/ABAW5th/data/train/1/train_1994_aligned.jpg,1
/home/wjh/ABAW5th/data/train/1/train_0500_aligned.jpg,1
/home/wjh/ABAW5th/data/train/1/train_0126_aligned.jpg,1
/home/wjh/ABAW5th/data/train/1/train_2150_aligned.jpg,1
/home/wjh/ABAW5th/data/train/1/train_2372_aligned.jpg,1
/home/wjh/ABAW5th/data/train/1/train_1316_aligned.jpg,1
/home/wjh/ABAW5th/data/train/1/train_2740_aligned.jpg,1
/home/wjh/ABAW5th/data/train/1/train_1706_aligned.jpg,1
/home/wjh/ABAW5th/data/train/1/train_0063_aligned.jpg,1
/home/wjh/ABAW5th/data/train/1/train_0689_aligned.jpg,1
/home/wjh/ABAW5th/data/train/1/train_2675_aligned.jpg,1
/home/wjh/ABAW5th/data/train/1/train_1619_aligned.jpg,1
/home/wjh/ABAW5th/data/train/1/train_1476_aligned.jpg,1
/home/wjh/ABAW5th/data/train/1/train_2274_aligned.jpg,1
/home/wjh/ABAW5th/data/train/1/train_2737_aligned.jpg,1
/home/wjh/ABAW5th/data/train/1/train_0481_aligned.jpg,1
/home/wjh/ABAW5th/data/train/1/train_1873_aligned.jpg,1
/home/wjh/ABAW5th/data/train/1/train_0359_aligned.jpg,1
/home/wjh/ABAW5th/data/train/1/train_2987_aligned.jpg,1
/home/wjh/ABAW5th/data/train/1/train_0367_aligned.jpg,1
/home/wjh/ABAW5th/data/train/1/train_2940_aligned.jpg,1
/home/wjh/ABAW5th/data/train/1/train_2752_aligned.jpg,1
/home/wjh/ABAW5th/data/train/1/train_0930_aligned.jpg,1
/home/wjh/ABAW5th/data/train/1/train_0677_aligned.jpg,1
/home/wjh/ABAW5th/data/train/1/train_1530_aligned.jpg,1
/home/wjh/ABAW5th/data/train/1/train_3149_aligned.jpg,1
/home/wjh/ABAW5th/data/train/1/train_2912_aligned.jpg,1
/home/wjh/ABAW5th/data/train/1/train_0894_aligned.jpg,1
/home/wjh/ABAW5th/data/train/1/train_2260_aligned.jpg,1
/home/wjh/ABAW5th/data/train/1/train_1355_aligned.jpg,1
/home/wjh/ABAW5th/data/train/1/train_0699_aligned.jpg,1
/home/wjh/ABAW5th/data/train/1/train_2446_aligned.jpg,1
/home/wjh/ABAW5th/data/train/1/train_1954_aligned.jpg,1
/home/wjh/ABAW5th/data/train/1/train_2470_aligned.jpg,1
/home/wjh/ABAW5th/data/train/1/train_1106_aligned.jpg,1
/home/wjh/ABAW5th/data/train/1/train_3160_aligned.jpg,1
/home/wjh/ABAW5th/data/train/1/train_1641_aligned.jpg,1
/home/wjh/ABAW5th/data/train/1/train_0075_aligned.jpg,1
/home/wjh/ABAW5th/data/train/4/train_2558_aligned.jpg,4
/home/wjh/ABAW5th/data/train/4/train_1123_aligned.jpg,4
/home/wjh/ABAW5th/data/train/4/train_0346_aligned.jpg,4
/home/wjh/ABAW5th/data/train/4/train_0897_aligned.jpg,4
/home/wjh/ABAW5th/data/train/4/train_1741_aligned.jpg,4
/home/wjh/ABAW5th/data/train/4/train_0632_aligned.jpg,4
/home/wjh/ABAW5th/data/train/4/train_3112_aligned.jpg,4
/home/wjh/ABAW5th/data/train/4/train_0744_aligned.jpg,4
/home/wjh/ABAW5th/data/train/4/train_1436_aligned.jpg,4
/home/wjh/ABAW5th/data/train/4/train_0263_aligned.jpg,4
/home/wjh/ABAW5th/data/train/4/train_2453_aligned.jpg,4
/home/wjh/ABAW5th/data/train/4/train_0830_aligned.jpg,4
/home/wjh/ABAW5th/data/train/4/train_0672_aligned.jpg,4
/home/wjh/ABAW5th/data/train/4/train_0819_aligned.jpg,4
/home/wjh/ABAW5th/data/train/4/train_1984_aligned.jpg,4
/home/wjh/ABAW5th/data/train/4/train_2585_aligned.jpg,4
/home/wjh/ABAW5th/data/train/4/train_1972_aligned.jpg,4
/home/wjh/ABAW5th/data/train/4/train_3114_aligned.jpg,4
/home/wjh/ABAW5th/data/train/4/train_1817_aligned.jpg,4
/home/wjh/ABAW5th/data/train/4/train_1788_aligned.jpg,4
/home/wjh/ABAW5th/data/train/4/train_2424_aligned.jpg,4
/home/wjh/ABAW5th/data/train/4/train_1451_aligned.jpg,4
/home/wjh/ABAW5th/data/train/4/train_1084_aligned.jpg,4
/home/wjh/ABAW5th/data/train/4/train_2490_aligned.jpg,4
/home/wjh/ABAW5th/data/train/4/train_1812_aligned.jpg,4
/home/wjh/ABAW5th/data/train/4/train_2627_aligned.jpg,4
/home/wjh/ABAW5th/data/train/4/train_1205_aligned.jpg,4
/home/wjh/ABAW5th/data/train/4/train_2684_aligned.jpg,4
/home/wjh/ABAW5th/data/train/4/train_1395_aligned.jpg,4
/home/wjh/ABAW5th/data/train/4/train_2496_aligned.jpg,4
/home/wjh/ABAW5th/data/train/4/train_3028_aligned.jpg,4
/home/wjh/ABAW5th/data/train/4/train_2481_aligned.jpg,4
/home/wjh/ABAW5th/data/train/4/train_2457_aligned.jpg,4
/home/wjh/ABAW5th/data/train/4/train_2946_aligned.jpg,4
/home/wjh/ABAW5th/data/train/4/train_1368_aligned.jpg,4
/home/wjh/ABAW5th/data/train/4/train_2394_aligned.jpg,4
/home/wjh/ABAW5th/data/train/4/train_1552_aligned.jpg,4
/home/wjh/ABAW5th/data/train/4/train_2423_aligned.jpg,4
/home/wjh/ABAW5th/data/train/4/train_1394_aligned.jpg,4
/home/wjh/ABAW5th/data/train/4/train_1983_aligned.jpg,4
/home/wjh/ABAW5th/data/train/4/train_2315_aligned.jpg,4
/home/wjh/ABAW5th/data/train/4/train_2098_aligned.jpg,4
/home/wjh/ABAW5th/data/train/4/train_0820_aligned.jpg,4
/home/wjh/ABAW5th/data/train/4/train_1308_aligned.jpg,4
/home/wjh/ABAW5th/data/train/4/train_0272_aligned.jpg,4
/home/wjh/ABAW5th/data/train/4/train_1335_aligned.jpg,4
/home/wjh/ABAW5th/data/train/4/train_2099_aligned.jpg,4
/home/wjh/ABAW5th/data/train/4/train_1932_aligned.jpg,4
/home/wjh/ABAW5th/data/train/4/train_1286_aligned.jpg,4
/home/wjh/ABAW5th/data/train/4/train_0178_aligned.jpg,4
/home/wjh/ABAW5th/data/train/4/train_2766_aligned.jpg,4
/home/wjh/ABAW5th/data/train/4/train_3103_aligned.jpg,4
/home/wjh/ABAW5th/data/train/4/train_0208_aligned.jpg,4
/home/wjh/ABAW5th/data/train/4/train_0669_aligned.jpg,4
/home/wjh/ABAW5th/data/train/4/train_1631_aligned.jpg,4
/home/wjh/ABAW5th/data/train/4/train_0972_aligned.jpg,4
/home/wjh/ABAW5th/data/train/4/train_2045_aligned.jpg,4
/home/wjh/ABAW5th/data/train/4/train_2068_aligned.jpg,4
/home/wjh/ABAW5th/data/train/4/train_1878_aligned.jpg,4
/home/wjh/ABAW5th/data/train/4/train_1847_aligned.jpg,4
/home/wjh/ABAW5th/data/train/4/train_0180_aligned.jpg,4
/home/wjh/ABAW5th/data/train/4/train_1840_aligned.jpg,4
/home/wjh/ABAW5th/data/train/4/train_1814_aligned.jpg,4
/home/wjh/ABAW5th/data/train/4/train_1172_aligned.jpg,4
/home/wjh/ABAW5th/data/train/4/train_1182_aligned.jpg,4
/home/wjh/ABAW5th/data/train/4/train_2013_aligned.jpg,4
/home/wjh/ABAW5th/data/train/4/train_2034_aligned.jpg,4
/home/wjh/ABAW5th/data/train/4/train_3161_aligned.jpg,4
/home/wjh/ABAW5th/data/train/4/train_0708_aligned.jpg,4
/home/wjh/ABAW5th/data/train/4/train_2666_aligned.jpg,4
/home/wjh/ABAW5th/data/train/4/train_2515_aligned.jpg,4
/home/wjh/ABAW5th/data/train/4/train_2498_aligned.jpg,4
/home/wjh/ABAW5th/data/train/4/train_1483_aligned.jpg,4
/home/wjh/ABAW5th/data/train/4/train_0280_aligned.jpg,4
/home/wjh/ABAW5th/data/train/4/train_1433_aligned.jpg,4
/home/wjh/ABAW5th/data/train/4/train_0968_aligned.jpg,4
/home/wjh/ABAW5th/data/train/4/train_1819_aligned.jpg,4
/home/wjh/ABAW5th/data/train/4/train_2482_aligned.jpg,4
/home/wjh/ABAW5th/data/train/4/train_1599_aligned.jpg,4
/home/wjh/ABAW5th/data/train/4/train_0414_aligned.jpg,4
/home/wjh/ABAW5th/data/train/4/train_2612_aligned.jpg,4
/home/wjh/ABAW5th/data/train/4/train_1331_aligned.jpg,4
/home/wjh/ABAW5th/data/train/4/train_3096_aligned.jpg,4
/home/wjh/ABAW5th/data/train/4/train_3111_aligned.jpg,4
/home/wjh/ABAW5th/data/train/4/train_1146_aligned.jpg,4
/home/wjh/ABAW5th/data/train/4/train_0518_aligned.jpg,4
/home/wjh/ABAW5th/data/train/4/train_1100_aligned.jpg,4
/home/wjh/ABAW5th/data/train/4/train_0543_aligned.jpg,4
/home/wjh/ABAW5th/data/train/4/train_2877_aligned.jpg,4
/home/wjh/ABAW5th/data/train/4/train_0822_aligned.jpg,4
/home/wjh/ABAW5th/data/train/4/train_2609_aligned.jpg,4
/home/wjh/ABAW5th/data/train/4/train_1429_aligned.jpg,4
/home/wjh/ABAW5th/data/train/4/train_1236_aligned.jpg,4
/home/wjh/ABAW5th/data/train/4/train_2685_aligned.jpg,4
/home/wjh/ABAW5th/data/train/4/train_1615_aligned.jpg,4
/home/wjh/ABAW5th/data/train/4/train_1836_aligned.jpg,4
/home/wjh/ABAW5th/data/train/4/train_2715_aligned.jpg,4
/home/wjh/ABAW5th/data/train/4/train_0259_aligned.jpg,4
/home/wjh/ABAW5th/data/train/4/train_1818_aligned.jpg,4
/home/wjh/ABAW5th/data/train/4/train_2456_aligned.jpg,4
/home/wjh/ABAW5th/data/train/4/train_3081_aligned.jpg,4
/home/wjh/ABAW5th/data/train/4/train_0726_aligned.jpg,4
/home/wjh/ABAW5th/data/train/4/train_2557_aligned.jpg,4
/home/wjh/ABAW5th/data/train/4/train_0039_aligned.jpg,4
/home/wjh/ABAW5th/data/train/4/train_0783_aligned.jpg,4
/home/wjh/ABAW5th/data/train/4/train_1274_aligned.jpg,4
/home/wjh/ABAW5th/data/train/4/train_1164_aligned.jpg,4
/home/wjh/ABAW5th/data/train/4/train_1006_aligned.jpg,4
/home/wjh/ABAW5th/data/train/4/train_1823_aligned.jpg,4
/home/wjh/ABAW5th/data/train/4/train_2226_aligned.jpg,4
/home/wjh/ABAW5th/data/train/4/train_2474_aligned.jpg,4
/home/wjh/ABAW5th/data/train/4/train_2011_aligned.jpg,4
/home/wjh/ABAW5th/data/train/4/train_1668_aligned.jpg,4
/home/wjh/ABAW5th/data/train/4/train_1958_aligned.jpg,4
/home/wjh/ABAW5th/data/train/4/train_1430_aligned.jpg,4
/home/wjh/ABAW5th/data/train/4/train_2493_aligned.jpg,4
/home/wjh/ABAW5th/data/train/4/train_0900_aligned.jpg,4
/home/wjh/ABAW5th/data/train/4/train_2332_aligned.jpg,4
/home/wjh/ABAW5th/data/train/4/train_1446_aligned.jpg,4
/home/wjh/ABAW5th/data/train/4/train_2003_aligned.jpg,4
/home/wjh/ABAW5th/data/train/4/train_2321_aligned.jpg,4
/home/wjh/ABAW5th/data/train/4/train_2895_aligned.jpg,4
/home/wjh/ABAW5th/data/train/4/train_0971_aligned.jpg,4
/home/wjh/ABAW5th/data/train/4/train_2012_aligned.jpg,4
/home/wjh/ABAW5th/data/train/4/train_2717_aligned.jpg,4
/home/wjh/ABAW5th/data/train/4/train_2510_aligned.jpg,4
/home/wjh/ABAW5th/data/train/4/train_0898_aligned.jpg,4
/home/wjh/ABAW5th/data/train/4/train_2503_aligned.jpg,4
/home/wjh/ABAW5th/data/train/4/train_1137_aligned.jpg,4
/home/wjh/ABAW5th/data/train/4/train_0456_aligned.jpg,4
/home/wjh/ABAW5th/data/train/4/train_2039_aligned.jpg,4
/home/wjh/ABAW5th/data/train/4/train_2751_aligned.jpg,4
/home/wjh/ABAW5th/data/train/4/train_1853_aligned.jpg,4
/home/wjh/ABAW5th/data/train/4/train_1501_aligned.jpg,4
/home/wjh/ABAW5th/data/train/4/train_1329_aligned.jpg,4
/home/wjh/ABAW5th/data/train/4/train_1999_aligned.jpg,4
/home/wjh/ABAW5th/data/train/4/train_2522_aligned.jpg,4
/home/wjh/ABAW5th/data/train/4/train_1133_aligned.jpg,4
/home/wjh/ABAW5th/data/train/4/train_1696_aligned.jpg,4
/home/wjh/ABAW5th/data/train/4/train_1985_aligned.jpg,4
/home/wjh/ABAW5th/data/train/4/train_1581_aligned.jpg,4
/home/wjh/ABAW5th/data/train/4/train_0374_aligned.jpg,4
/home/wjh/ABAW5th/data/train/4/train_2001_aligned.jpg,4
/home/wjh/ABAW5th/data/train/4/train_0693_aligned.jpg,4
/home/wjh/ABAW5th/data/train/4/train_1575_aligned.jpg,4
/home/wjh/ABAW5th/data/train/4/train_2884_aligned.jpg,4
/home/wjh/ABAW5th/data/train/4/train_2409_aligned.jpg,4
/home/wjh/ABAW5th/data/train/4/train_2248_aligned.jpg,4
/home/wjh/ABAW5th/data/train/4/train_1424_aligned.jpg,4
/home/wjh/ABAW5th/data/train/4/train_2188_aligned.jpg,4
/home/wjh/ABAW5th/data/train/4/train_2043_aligned.jpg,4
/home/wjh/ABAW5th/data/train/4/train_3120_aligned.jpg,4
/home/wjh/ABAW5th/data/train/4/train_1054_aligned.jpg,4
/home/wjh/ABAW5th/data/train/4/train_0716_aligned.jpg,4
/home/wjh/ABAW5th/data/train/4/train_2475_aligned.jpg,4
/home/wjh/ABAW5th/data/train/4/train_1657_aligned.jpg,4
/home/wjh/ABAW5th/data/train/4/train_2934_aligned.jpg,4
/home/wjh/ABAW5th/data/train/4/train_0733_aligned.jpg,4
/home/wjh/ABAW5th/data/train/4/train_2545_aligned.jpg,4
/home/wjh/ABAW5th/data/train/4/train_3157_aligned.jpg,4
/home/wjh/ABAW5th/data/train/4/train_2500_aligned.jpg,4
/home/wjh/ABAW5th/data/train/4/train_1766_aligned.jpg,4
/home/wjh/ABAW5th/data/train/4/train_0387_aligned.jpg,4
/home/wjh/ABAW5th/data/train/4/train_2933_aligned.jpg,4
/home/wjh/ABAW5th/data/train/4/train_2521_aligned.jpg,4
/home/wjh/ABAW5th/data/train/4/train_2810_aligned.jpg,4
/home/wjh/ABAW5th/data/train/4/train_1033_aligned.jpg,4
/home/wjh/ABAW5th/data/train/4/train_3052_aligned.jpg,4
/home/wjh/ABAW5th/data/train/4/train_1078_aligned.jpg,4
/home/wjh/ABAW5th/data/train/4/train_2951_aligned.jpg,4
/home/wjh/ABAW5th/data/train/4/train_0939_aligned.jpg,4
/home/wjh/ABAW5th/data/train/4/train_1321_aligned.jpg,4
/home/wjh/ABAW5th/data/train/4/train_2520_aligned.jpg,4
/home/wjh/ABAW5th/data/train/4/train_2427_aligned.jpg,4
/home/wjh/ABAW5th/data/train/4/train_0863_aligned.jpg,4
/home/wjh/ABAW5th/data/train/4/train_1330_aligned.jpg,4
/home/wjh/ABAW5th/data/train/4/train_0218_aligned.jpg,4
/home/wjh/ABAW5th/data/train/4/train_0933_aligned.jpg,4
/home/wjh/ABAW5th/data/train/4/train_0463_aligned.jpg,4
/home/wjh/ABAW5th/data/train/4/train_1518_aligned.jpg,4
/home/wjh/ABAW5th/data/train/4/train_0756_aligned.jpg,4
/home/wjh/ABAW5th/data/train/4/train_0849_aligned.jpg,4
/home/wjh/ABAW5th/data/train/4/train_0195_aligned.jpg,4
/home/wjh/ABAW5th/data/train/4/train_0225_aligned.jpg,4
/home/wjh/ABAW5th/data/train/4/train_2898_aligned.jpg,4
/home/wjh/ABAW5th/data/train/4/train_0789_aligned.jpg,4
/home/wjh/ABAW5th/data/train/4/train_0487_aligned.jpg,4
/home/wjh/ABAW5th/data/train/4/train_2944_aligned.jpg,4
/home/wjh/ABAW5th/data/train/4/train_2886_aligned.jpg,4
/home/wjh/ABAW5th/data/train/4/train_1643_aligned.jpg,4
/home/wjh/ABAW5th/data/train/4/train_2799_aligned.jpg,4
/home/wjh/ABAW5th/data/train/4/train_1865_aligned.jpg,4
/home/wjh/ABAW5th/data/train/4/train_2051_aligned.jpg,4
/home/wjh/ABAW5th/data/train/4/train_2642_aligned.jpg,4
/home/wjh/ABAW5th/data/train/4/train_2432_aligned.jpg,4
/home/wjh/ABAW5th/data/train/4/train_0651_aligned.jpg,4
/home/wjh/ABAW5th/data/train/4/train_2042_aligned.jpg,4
/home/wjh/ABAW5th/data/train/4/train_2716_aligned.jpg,4
/home/wjh/ABAW5th/data/train/4/train_0242_aligned.jpg,4
/home/wjh/ABAW5th/data/train/4/train_0686_aligned.jpg,4
/home/wjh/ABAW5th/data/train/4/train_2604_aligned.jpg,4
/home/wjh/ABAW5th/data/train/4/train_2483_aligned.jpg,4
/home/wjh/ABAW5th/data/train/4/train_3073_aligned.jpg,4
/home/wjh/ABAW5th/data/train/4/train_2244_aligned.jpg,4
/home/wjh/ABAW5th/data/train/4/train_1723_aligned.jpg,4
/home/wjh/ABAW5th/data/train/4/train_2540_aligned.jpg,4
/home/wjh/ABAW5th/data/train/4/train_2462_aligned.jpg,4
/home/wjh/ABAW5th/data/train/4/train_1830_aligned.jpg,4
/home/wjh/ABAW5th/data/train/4/train_2421_aligned.jpg,4
/home/wjh/ABAW5th/data/train/4/train_1252_aligned.jpg,4
/home/wjh/ABAW5th/data/train/4/train_1187_aligned.jpg,4
/home/wjh/ABAW5th/data/train/4/train_2505_aligned.jpg,4
/home/wjh/ABAW5th/data/train/4/train_2488_aligned.jpg,4
/home/wjh/ABAW5th/data/train/4/train_1064_aligned.jpg,4
/home/wjh/ABAW5th/data/train/4/train_3043_aligned.jpg,4
/home/wjh/ABAW5th/data/train/4/train_1588_aligned.jpg,4
/home/wjh/ABAW5th/data/train/4/train_1528_aligned.jpg,4
/home/wjh/ABAW5th/data/train/4/train_2291_aligned.jpg,4
/home/wjh/ABAW5th/data/train/4/train_2016_aligned.jpg,4
/home/wjh/ABAW5th/data/train/4/train_1477_aligned.jpg,4
/home/wjh/ABAW5th/data/train/4/train_2548_aligned.jpg,4
/home/wjh/ABAW5th/data/train/4/train_1343_aligned.jpg,4
/home/wjh/ABAW5th/data/train/4/train_1658_aligned.jpg,4
/home/wjh/ABAW5th/data/train/4/train_0048_aligned.jpg,4
/home/wjh/ABAW5th/data/train/4/train_2028_aligned.jpg,4
/home/wjh/ABAW5th/data/train/4/train_1881_aligned.jpg,4
/home/wjh/ABAW5th/data/train/4/train_2484_aligned.jpg,4
/home/wjh/ABAW5th/data/train/4/train_3010_aligned.jpg,4
/home/wjh/ABAW5th/data/train/4/train_0929_aligned.jpg,4
/home/wjh/ABAW5th/data/train/4/train_2535_aligned.jpg,4
/home/wjh/ABAW5th/data/train/4/train_0550_aligned.jpg,4
/home/wjh/ABAW5th/data/train/4/train_0273_aligned.jpg,4
/home/wjh/ABAW5th/data/train/4/train_1448_aligned.jpg,4
/home/wjh/ABAW5th/data/train/4/train_1083_aligned.jpg,4
/home/wjh/ABAW5th/data/train/4/train_0815_aligned.jpg,4
/home/wjh/ABAW5th/data/train/4/train_0619_aligned.jpg,4
/home/wjh/ABAW5th/data/train/4/train_1529_aligned.jpg,4
/home/wjh/ABAW5th/data/train/4/train_1920_aligned.jpg,4
/home/wjh/ABAW5th/data/train/4/train_2459_aligned.jpg,4
/home/wjh/ABAW5th/data/train/4/train_0873_aligned.jpg,4
/home/wjh/ABAW5th/data/train/4/train_1925_aligned.jpg,4
/home/wjh/ABAW5th/data/train/4/train_2764_aligned.jpg,4
/home/wjh/ABAW5th/data/train/4/train_1363_aligned.jpg,4
/home/wjh/ABAW5th/data/train/4/train_0453_aligned.jpg,4
/home/wjh/ABAW5th/data/train/4/train_0644_aligned.jpg,4
/home/wjh/ABAW5th/data/train/4/train_2395_aligned.jpg,4
/home/wjh/ABAW5th/data/train/4/train_1030_aligned.jpg,4
/home/wjh/ABAW5th/data/train/4/train_1896_aligned.jpg,4
/home/wjh/ABAW5th/data/train/4/train_2200_aligned.jpg,4
/home/wjh/ABAW5th/data/train/4/train_1284_aligned.jpg,4
/home/wjh/ABAW5th/data/train/4/train_2495_aligned.jpg,4
/home/wjh/ABAW5th/data/train/4/train_1839_aligned.jpg,4
/home/wjh/ABAW5th/data/train/4/train_0613_aligned.jpg,4
/home/wjh/ABAW5th/data/train/4/train_2397_aligned.jpg,4
/home/wjh/ABAW5th/data/train/4/train_1816_aligned.jpg,4
/home/wjh/ABAW5th/data/train/4/train_1192_aligned.jpg,4
/home/wjh/ABAW5th/data/train/4/train_0760_aligned.jpg,4
/home/wjh/ABAW5th/data/train/4/train_1407_aligned.jpg,4
/home/wjh/ABAW5th/data/train/4/train_2691_aligned.jpg,4
/home/wjh/ABAW5th/data/train/4/train_1721_aligned.jpg,4
/home/wjh/ABAW5th/data/train/4/train_1469_aligned.jpg,4
/home/wjh/ABAW5th/data/train/4/train_1884_aligned.jpg,4
/home/wjh/ABAW5th/data/train/4/train_0191_aligned.jpg,4
/home/wjh/ABAW5th/data/train/4/train_0868_aligned.jpg,4
/home/wjh/ABAW5th/data/train/4/train_0626_aligned.jpg,4
/home/wjh/ABAW5th/data/train/4/train_1410_aligned.jpg,4
/home/wjh/ABAW5th/data/train/4/train_0506_aligned.jpg,4
/home/wjh/ABAW5th/data/train/4/train_2862_aligned.jpg,4
/home/wjh/ABAW5th/data/train/4/train_1699_aligned.jpg,4
/home/wjh/ABAW5th/data/train/4/train_1887_aligned.jpg,4
/home/wjh/ABAW5th/data/train/4/train_1332_aligned.jpg,4
/home/wjh/ABAW5th/data/train/4/train_0016_aligned.jpg,4
/home/wjh/ABAW5th/data/train/4/train_0423_aligned.jpg,4
/home/wjh/ABAW5th/data/train/4/train_0732_aligned.jpg,4
/home/wjh/ABAW5th/data/train/4/train_1497_aligned.jpg,4
/home/wjh/ABAW5th/data/train/4/train_1399_aligned.jpg,4
/home/wjh/ABAW5th/data/train/4/train_2537_aligned.jpg,4
/home/wjh/ABAW5th/data/train/4/train_2419_aligned.jpg,4
/home/wjh/ABAW5th/data/train/4/train_2431_aligned.jpg,4
/home/wjh/ABAW5th/data/train/4/train_2326_aligned.jpg,4
/home/wjh/ABAW5th/data/train/4/train_2123_aligned.jpg,4
/home/wjh/ABAW5th/data/train/4/train_1517_aligned.jpg,4
/home/wjh/ABAW5th/data/train/4/train_2983_aligned.jpg,4
/home/wjh/ABAW5th/data/train/4/train_1875_aligned.jpg,4
/home/wjh/ABAW5th/data/train/4/train_0505_aligned.jpg,4
/home/wjh/ABAW5th/data/train/4/train_2530_aligned.jpg,4
/home/wjh/ABAW5th/data/train/4/train_2418_aligned.jpg,4
/home/wjh/ABAW5th/data/train/4/train_3127_aligned.jpg,4
/home/wjh/ABAW5th/data/train/4/train_2588_aligned.jpg,4
/home/wjh/ABAW5th/data/train/4/train_1982_aligned.jpg,4
/home/wjh/ABAW5th/data/train/4/train_2228_aligned.jpg,4
/home/wjh/ABAW5th/data/train/4/train_1882_aligned.jpg,4
/home/wjh/ABAW5th/data/train/4/train_1542_aligned.jpg,4
/home/wjh/ABAW5th/data/train/4/train_1503_aligned.jpg,4
/home/wjh/ABAW5th/data/train/4/train_1539_aligned.jpg,4
/home/wjh/ABAW5th/data/train/4/train_2851_aligned.jpg,4
/home/wjh/ABAW5th/data/train/4/train_1434_aligned.jpg,4
/home/wjh/ABAW5th/data/train/4/train_0482_aligned.jpg,4
/home/wjh/ABAW5th/data/train/4/train_1432_aligned.jpg,4
/home/wjh/ABAW5th/data/train/4/train_1138_aligned.jpg,4
/home/wjh/ABAW5th/data/train/4/train_1156_aligned.jpg,4
/home/wjh/ABAW5th/data/train/4/train_2937_aligned.jpg,4
/home/wjh/ABAW5th/data/train/4/train_1976_aligned.jpg,4
/home/wjh/ABAW5th/data/train/4/train_1607_aligned.jpg,4
/home/wjh/ABAW5th/data/train/4/train_0857_aligned.jpg,4
/home/wjh/ABAW5th/data/train/4/train_3013_aligned.jpg,4
/home/wjh/ABAW5th/data/train/4/train_2479_aligned.jpg,4
/home/wjh/ABAW5th/data/train/4/train_0821_aligned.jpg,4
/home/wjh/ABAW5th/data/train/4/train_1702_aligned.jpg,4
/home/wjh/ABAW5th/data/train/4/train_2010_aligned.jpg,4
/home/wjh/ABAW5th/data/train/4/train_1176_aligned.jpg,4
/home/wjh/ABAW5th/data/train/4/train_1348_aligned.jpg,4
/home/wjh/ABAW5th/data/train/4/train_0129_aligned.jpg,4
/home/wjh/ABAW5th/data/train/4/train_2854_aligned.jpg,4
/home/wjh/ABAW5th/data/train/4/train_0192_aligned.jpg,4
/home/wjh/ABAW5th/data/train/4/train_2396_aligned.jpg,4
/home/wjh/ABAW5th/data/train/4/train_0519_aligned.jpg,4
/home/wjh/ABAW5th/data/train/4/train_1864_aligned.jpg,4
/home/wjh/ABAW5th/data/train/4/train_0083_aligned.jpg,4
/home/wjh/ABAW5th/data/train/4/train_0734_aligned.jpg,4
/home/wjh/ABAW5th/data/train/4/train_0579_aligned.jpg,4
/home/wjh/ABAW5th/data/train/4/train_0887_aligned.jpg,4
/home/wjh/ABAW5th/data/train/4/train_2501_aligned.jpg,4
/home/wjh/ABAW5th/data/train/4/train_1131_aligned.jpg,4
/home/wjh/ABAW5th/data/train/4/train_2871_aligned.jpg,4
/home/wjh/ABAW5th/data/train/4/train_0713_aligned.jpg,4
/home/wjh/ABAW5th/data/train/4/train_2547_aligned.jpg,4
/home/wjh/ABAW5th/data/train/4/train_0037_aligned.jpg,4
/home/wjh/ABAW5th/data/train/4/train_1016_aligned.jpg,4
/home/wjh/ABAW5th/data/train/4/train_1845_aligned.jpg,4
/home/wjh/ABAW5th/data/train/4/train_1801_aligned.jpg,4
/home/wjh/ABAW5th/data/train/4/train_2516_aligned.jpg,4
/home/wjh/ABAW5th/data/train/4/train_2469_aligned.jpg,4
/home/wjh/ABAW5th/data/train/4/train_3017_aligned.jpg,4
/home/wjh/ABAW5th/data/train/4/train_2141_aligned.jpg,4
/home/wjh/ABAW5th/data/train/4/train_0373_aligned.jpg,4
/home/wjh/ABAW5th/data/train/4/train_2458_aligned.jpg,4
/home/wjh/ABAW5th/data/train/4/train_3005_aligned.jpg,4
/home/wjh/ABAW5th/data/train/4/train_0248_aligned.jpg,4
/home/wjh/ABAW5th/data/train/4/train_2550_aligned.jpg,4
/home/wjh/ABAW5th/data/train/4/train_2487_aligned.jpg,4
/home/wjh/ABAW5th/data/train/4/train_1489_aligned.jpg,4
/home/wjh/ABAW5th/data/train/4/train_2347_aligned.jpg,4
/home/wjh/ABAW5th/data/train/4/train_1077_aligned.jpg,4
/home/wjh/ABAW5th/data/train/4/train_2598_aligned.jpg,4
/home/wjh/ABAW5th/data/train/4/train_0108_aligned.jpg,4
/home/wjh/ABAW5th/data/train/4/train_0396_aligned.jpg,4
/home/wjh/ABAW5th/data/train/4/train_0991_aligned.jpg,4
/home/wjh/ABAW5th/data/train/4/train_2450_aligned.jpg,4
/home/wjh/ABAW5th/data/train/4/train_0394_aligned.jpg,4
/home/wjh/ABAW5th/data/train/4/train_0099_aligned.jpg,4
/home/wjh/ABAW5th/data/train/4/train_1092_aligned.jpg,4
/home/wjh/ABAW5th/data/train/4/train_2439_aligned.jpg,4
/home/wjh/ABAW5th/data/train/4/train_3015_aligned.jpg,4
/home/wjh/ABAW5th/data/train/4/train_0700_aligned.jpg,4
/home/wjh/ABAW5th/data/train/4/train_1526_aligned.jpg,4
/home/wjh/ABAW5th/data/train/4/train_1860_aligned.jpg,4
/home/wjh/ABAW5th/data/train/4/train_2926_aligned.jpg,4
/home/wjh/ABAW5th/data/train/4/train_2480_aligned.jpg,4
/home/wjh/ABAW5th/data/train/4/train_0566_aligned.jpg,4
/home/wjh/ABAW5th/data/train/4/train_1674_aligned.jpg,4
/home/wjh/ABAW5th/data/train/4/train_0943_aligned.jpg,4
/home/wjh/ABAW5th/data/train/4/train_1405_aligned.jpg,4
/home/wjh/ABAW5th/data/train/4/train_0592_aligned.jpg,4
/home/wjh/ABAW5th/data/train/4/train_0057_aligned.jpg,4
/home/wjh/ABAW5th/data/train/4/train_2613_aligned.jpg,4
/home/wjh/ABAW5th/data/train/4/train_1553_aligned.jpg,4
/home/wjh/ABAW5th/data/train/4/train_1748_aligned.jpg,4
/home/wjh/ABAW5th/data/train/4/train_0457_aligned.jpg,4
/home/wjh/ABAW5th/data/train/4/train_3097_aligned.jpg,4
/home/wjh/ABAW5th/data/train/4/train_1859_aligned.jpg,4
/home/wjh/ABAW5th/data/train/4/train_0049_aligned.jpg,4
/home/wjh/ABAW5th/data/train/4/train_0705_aligned.jpg,4
/home/wjh/ABAW5th/data/train/4/train_1243_aligned.jpg,4
/home/wjh/ABAW5th/data/train/4/train_3125_aligned.jpg,4
/home/wjh/ABAW5th/data/train/4/train_3074_aligned.jpg,4
/home/wjh/ABAW5th/data/train/4/train_0987_aligned.jpg,4
/home/wjh/ABAW5th/data/train/4/train_0558_aligned.jpg,4
/home/wjh/ABAW5th/data/train/4/train_2049_aligned.jpg,4
/home/wjh/ABAW5th/data/train/4/train_0305_aligned.jpg,4
/home/wjh/ABAW5th/data/train/4/train_1768_aligned.jpg,4
/home/wjh/ABAW5th/data/train/4/train_2968_aligned.jpg,4
/home/wjh/ABAW5th/data/train/4/train_1977_aligned.jpg,4
/home/wjh/ABAW5th/data/train/4/train_2467_aligned.jpg,4
/home/wjh/ABAW5th/data/train/4/train_3026_aligned.jpg,4
/home/wjh/ABAW5th/data/train/4/train_1874_aligned.jpg,4
/home/wjh/ABAW5th/data/train/4/train_1855_aligned.jpg,4
/home/wjh/ABAW5th/data/train/4/train_1647_aligned.jpg,4
/home/wjh/ABAW5th/data/train/4/train_1409_aligned.jpg,4
/home/wjh/ABAW5th/data/train/4/train_2008_aligned.jpg,4
/home/wjh/ABAW5th/data/train/4/train_2499_aligned.jpg,4
/home/wjh/ABAW5th/data/train/4/train_2392_aligned.jpg,4
/home/wjh/ABAW5th/data/train/4/train_1846_aligned.jpg,4
/home/wjh/ABAW5th/data/train/4/train_2252_aligned.jpg,4
/home/wjh/ABAW5th/data/train/4/train_2497_aligned.jpg,4
/home/wjh/ABAW5th/data/train/4/train_1679_aligned.jpg,4
/home/wjh/ABAW5th/data/train/4/train_0723_aligned.jpg,4
/home/wjh/ABAW5th/data/train/4/train_1313_aligned.jpg,4
/home/wjh/ABAW5th/data/train/4/train_1535_aligned.jpg,4
/home/wjh/ABAW5th/data/train/4/train_1051_aligned.jpg,4
/home/wjh/ABAW5th/data/train/4/train_3068_aligned.jpg,4
/home/wjh/ABAW5th/data/train/4/train_1415_aligned.jpg,4
/home/wjh/ABAW5th/data/train/4/train_0089_aligned.jpg,4
/home/wjh/ABAW5th/data/train/4/train_1479_aligned.jpg,4
/home/wjh/ABAW5th/data/train/4/train_1941_aligned.jpg,4
/home/wjh/ABAW5th/data/train/4/train_0504_aligned.jpg,4
/home/wjh/ABAW5th/data/train/4/train_1685_aligned.jpg,4
/home/wjh/ABAW5th/data/train/4/train_1931_aligned.jpg,4
/home/wjh/ABAW5th/data/train/4/train_0494_aligned.jpg,4
/home/wjh/ABAW5th/data/train/4/train_0062_aligned.jpg,4
/home/wjh/ABAW5th/data/train/4/train_2451_aligned.jpg,4
/home/wjh/ABAW5th/data/train/4/train_0772_aligned.jpg,4
/home/wjh/ABAW5th/data/train/4/train_2745_aligned.jpg,4
/home/wjh/ABAW5th/data/train/4/train_2477_aligned.jpg,4
/home/wjh/ABAW5th/data/train/4/train_2549_aligned.jpg,4
/home/wjh/ABAW5th/data/train/4/train_1445_aligned.jpg,4
/home/wjh/ABAW5th/data/train/4/train_2410_aligned.jpg,4
/home/wjh/ABAW5th/data/train/4/train_1010_aligned.jpg,4
/home/wjh/ABAW5th/data/train/4/train_1574_aligned.jpg,4
/home/wjh/ABAW5th/data/train/4/train_2718_aligned.jpg,4
/home/wjh/ABAW5th/data/train/4/train_2018_aligned.jpg,4
/home/wjh/ABAW5th/data/train/4/train_0859_aligned.jpg,4
/home/wjh/ABAW5th/data/train/4/train_1652_aligned.jpg,4
/home/wjh/ABAW5th/data/train/4/train_1413_aligned.jpg,4
/home/wjh/ABAW5th/data/train/4/train_3034_aligned.jpg,4
/home/wjh/ABAW5th/data/train/4/train_1996_aligned.jpg,4
/home/wjh/ABAW5th/data/train/4/train_1098_aligned.jpg,4
/home/wjh/ABAW5th/data/train/4/train_2417_aligned.jpg,4
/home/wjh/ABAW5th/data/train/4/train_0569_aligned.jpg,4
/home/wjh/ABAW5th/data/train/4/train_0027_aligned.jpg,4
/home/wjh/ABAW5th/data/train/4/train_0587_aligned.jpg,4
/home/wjh/ABAW5th/data/train/4/train_2513_aligned.jpg,4
/home/wjh/ABAW5th/data/train/4/train_2390_aligned.jpg,4
/home/wjh/ABAW5th/data/train/4/train_1130_aligned.jpg,4
/home/wjh/ABAW5th/data/train/4/train_1829_aligned.jpg,4
/home/wjh/ABAW5th/data/train/4/train_3101_aligned.jpg,4
/home/wjh/ABAW5th/data/train/4/train_0086_aligned.jpg,4
/home/wjh/ABAW5th/data/train/4/train_2730_aligned.jpg,4
/home/wjh/ABAW5th/data/train/4/train_0025_aligned.jpg,4
/home/wjh/ABAW5th/data/train/4/train_2389_aligned.jpg,4
/home/wjh/ABAW5th/data/train/4/train_1411_aligned.jpg,4
/home/wjh/ABAW5th/data/train/4/train_1844_aligned.jpg,4
/home/wjh/ABAW5th/data/train/4/train_2553_aligned.jpg,4
/home/wjh/ABAW5th/data/train/4/train_1505_aligned.jpg,4
/home/wjh/ABAW5th/data/train/2/train_0118_aligned.jpg,2
/home/wjh/ABAW5th/data/train/2/train_0122_aligned.jpg,2
/home/wjh/ABAW5th/data/train/2/train_0937_aligned.jpg,2
/home/wjh/ABAW5th/data/train/2/train_2052_aligned.jpg,2
/home/wjh/ABAW5th/data/train/2/train_2227_aligned.jpg,2
/home/wjh/ABAW5th/data/train/2/train_1579_aligned.jpg,2
/home/wjh/ABAW5th/data/train/2/train_0360_aligned.jpg,2
/home/wjh/ABAW5th/data/train/2/train_2035_aligned.jpg,2
/home/wjh/ABAW5th/data/train/2/train_2911_aligned.jpg,2
/home/wjh/ABAW5th/data/train/2/train_1610_aligned.jpg,2
/home/wjh/ABAW5th/data/train/2/train_0867_aligned.jpg,2
/home/wjh/ABAW5th/data/train/2/train_2703_aligned.jpg,2
/home/wjh/ABAW5th/data/train/2/train_1387_aligned.jpg,2
/home/wjh/ABAW5th/data/train/2/train_0879_aligned.jpg,2
/home/wjh/ABAW5th/data/train/2/train_2314_aligned.jpg,2
/home/wjh/ABAW5th/data/train/2/train_2950_aligned.jpg,2
/home/wjh/ABAW5th/data/train/2/train_0026_aligned.jpg,2
/home/wjh/ABAW5th/data/train/2/train_1428_aligned.jpg,2
/home/wjh/ABAW5th/data/train/2/train_1710_aligned.jpg,2
/home/wjh/ABAW5th/data/train/2/train_0223_aligned.jpg,2
/home/wjh/ABAW5th/data/train/2/train_0428_aligned.jpg,2
/home/wjh/ABAW5th/data/train/2/train_1540_aligned.jpg,2
/home/wjh/ABAW5th/data/train/2/train_1755_aligned.jpg,2
/home/wjh/ABAW5th/data/train/2/train_0043_aligned.jpg,2
/home/wjh/ABAW5th/data/train/2/train_1992_aligned.jpg,2
/home/wjh/ABAW5th/data/train/2/train_1584_aligned.jpg,2
/home/wjh/ABAW5th/data/train/2/train_1490_aligned.jpg,2
/home/wjh/ABAW5th/data/train/2/train_0371_aligned.jpg,2
/home/wjh/ABAW5th/data/train/2/train_2677_aligned.jpg,2
/home/wjh/ABAW5th/data/train/2/train_0670_aligned.jpg,2
/home/wjh/ABAW5th/data/train/2/train_2192_aligned.jpg,2
/home/wjh/ABAW5th/data/train/2/train_0115_aligned.jpg,2
/home/wjh/ABAW5th/data/train/2/train_1319_aligned.jpg,2
/home/wjh/ABAW5th/data/train/2/train_0450_aligned.jpg,2
/home/wjh/ABAW5th/data/train/2/train_2761_aligned.jpg,2
/home/wjh/ABAW5th/data/train/2/train_1779_aligned.jpg,2
/home/wjh/ABAW5th/data/train/2/train_2595_aligned.jpg,2
/home/wjh/ABAW5th/data/train/2/train_1804_aligned.jpg,2
/home/wjh/ABAW5th/data/train/2/train_2566_aligned.jpg,2
/home/wjh/ABAW5th/data/train/2/train_1684_aligned.jpg,2
/home/wjh/ABAW5th/data/train/2/train_0121_aligned.jpg,2
/home/wjh/ABAW5th/data/train/2/train_0136_aligned.jpg,2
/home/wjh/ABAW5th/data/train/2/train_0201_aligned.jpg,2
/home/wjh/ABAW5th/data/train/2/train_0137_aligned.jpg,2
/home/wjh/ABAW5th/data/train/2/train_1241_aligned.jpg,2
/home/wjh/ABAW5th/data/train/2/train_0253_aligned.jpg,2
/home/wjh/ABAW5th/data/train/2/train_2301_aligned.jpg,2
/home/wjh/ABAW5th/data/train/2/train_1354_aligned.jpg,2
/home/wjh/ABAW5th/data/train/2/train_1769_aligned.jpg,2
/home/wjh/ABAW5th/data/train/2/train_2302_aligned.jpg,2
/home/wjh/ABAW5th/data/train/2/train_1041_aligned.jpg,2
/home/wjh/ABAW5th/data/train/2/train_0117_aligned.jpg,2
/home/wjh/ABAW5th/data/train/2/train_0657_aligned.jpg,2
/home/wjh/ABAW5th/data/train/2/train_1978_aligned.jpg,2
/home/wjh/ABAW5th/data/train/2/train_1695_aligned.jpg,2
/home/wjh/ABAW5th/data/train/2/train_2148_aligned.jpg,2
/home/wjh/ABAW5th/data/train/2/train_0313_aligned.jpg,2
/home/wjh/ABAW5th/data/train/2/train_2097_aligned.jpg,2
/home/wjh/ABAW5th/data/train/2/train_0226_aligned.jpg,2
/home/wjh/ABAW5th/data/train/2/train_1736_aligned.jpg,2
/home/wjh/ABAW5th/data/train/2/train_1595_aligned.jpg,2
/home/wjh/ABAW5th/data/train/2/train_0116_aligned.jpg,2
/home/wjh/ABAW5th/data/train/2/train_1587_aligned.jpg,2
/home/wjh/ABAW5th/data/train/2/train_2779_aligned.jpg,2
/home/wjh/ABAW5th/data/train/2/train_1324_aligned.jpg,2
/home/wjh/ABAW5th/data/train/2/train_2668_aligned.jpg,2
/home/wjh/ABAW5th/data/train/2/train_2979_aligned.jpg,2
/home/wjh/ABAW5th/data/train/2/train_1256_aligned.jpg,2
/home/wjh/ABAW5th/data/train/2/train_2590_aligned.jpg,2
/home/wjh/ABAW5th/data/train/2/train_0361_aligned.jpg,2
/home/wjh/ABAW5th/data/train/2/train_1671_aligned.jpg,2
/home/wjh/ABAW5th/data/train/2/train_0527_aligned.jpg,2
/home/wjh/ABAW5th/data/train/2/train_1349_aligned.jpg,2
/home/wjh/ABAW5th/data/train/2/train_0109_aligned.jpg,2
/home/wjh/ABAW5th/data/train/2/train_1282_aligned.jpg,2
/home/wjh/ABAW5th/data/train/2/train_1102_aligned.jpg,2
/home/wjh/ABAW5th/data/train/2/train_0286_aligned.jpg,2
/home/wjh/ABAW5th/data/train/2/train_2750_aligned.jpg,2
/home/wjh/ABAW5th/data/train/2/train_1892_aligned.jpg,2
/home/wjh/ABAW5th/data/train/2/train_2546_aligned.jpg,2
/home/wjh/ABAW5th/data/train/2/train_3106_aligned.jpg,2
/home/wjh/ABAW5th/data/train/2/train_2176_aligned.jpg,2
/home/wjh/ABAW5th/data/train/2/train_1275_aligned.jpg,2
/home/wjh/ABAW5th/data/train/2/train_1672_aligned.jpg,2
/home/wjh/ABAW5th/data/train/2/train_2067_aligned.jpg,2
/home/wjh/ABAW5th/data/train/2/train_2659_aligned.jpg,2
/home/wjh/ABAW5th/data/train/2/train_0323_aligned.jpg,2
/home/wjh/ABAW5th/data/train/2/train_2107_aligned.jpg,2
/home/wjh/ABAW5th/data/train/2/train_0799_aligned.jpg,2
/home/wjh/ABAW5th/data/train/2/train_0004_aligned.jpg,2
/home/wjh/ABAW5th/data/train/2/train_2624_aligned.jpg,2
/home/wjh/ABAW5th/data/train/2/train_1122_aligned.jpg,2
/home/wjh/ABAW5th/data/train/2/train_0123_aligned.jpg,2
/home/wjh/ABAW5th/data/train/2/train_1414_aligned.jpg,2
/home/wjh/ABAW5th/data/train/2/train_2966_aligned.jpg,2
/home/wjh/ABAW5th/data/train/2/train_0944_aligned.jpg,2
/home/wjh/ABAW5th/data/train/2/train_1669_aligned.jpg,2
/home/wjh/ABAW5th/data/train/2/train_2628_aligned.jpg,2
/home/wjh/ABAW5th/data/train/2/train_2215_aligned.jpg,2
/home/wjh/ABAW5th/data/train/2/train_2849_aligned.jpg,2
/home/wjh/ABAW5th/data/train/2/train_2789_aligned.jpg,2
/home/wjh/ABAW5th/data/train/2/train_2890_aligned.jpg,2
/home/wjh/ABAW5th/data/train/2/train_0060_aligned.jpg,2
/home/wjh/ABAW5th/data/train/2/train_3147_aligned.jpg,2
/home/wjh/ABAW5th/data/train/2/train_2147_aligned.jpg,2
/home/wjh/ABAW5th/data/train/2/train_0262_aligned.jpg,2
/home/wjh/ABAW5th/data/train/2/train_1939_aligned.jpg,2
/home/wjh/ABAW5th/data/train/2/train_0941_aligned.jpg,2
/home/wjh/ABAW5th/data/train/2/train_1301_aligned.jpg,2
/home/wjh/ABAW5th/data/train/2/train_2722_aligned.jpg,2
/home/wjh/ABAW5th/data/train/2/train_0402_aligned.jpg,2
/home/wjh/ABAW5th/data/train/2/train_2577_aligned.jpg,2
/home/wjh/ABAW5th/data/train/2/train_1949_aligned.jpg,2
/home/wjh/ABAW5th/data/train/2/train_0151_aligned.jpg,2
/home/wjh/ABAW5th/data/train/2/train_2580_aligned.jpg,2
/home/wjh/ABAW5th/data/train/2/train_0095_aligned.jpg,2
/home/wjh/ABAW5th/data/train/2/train_0183_aligned.jpg,2
/home/wjh/ABAW5th/data/train/2/train_2894_aligned.jpg,2
/home/wjh/ABAW5th/data/train/2/train_1576_aligned.jpg,2
/home/wjh/ABAW5th/data/train/2/train_0958_aligned.jpg,2
/home/wjh/ABAW5th/data/train/2/train_2690_aligned.jpg,2
/home/wjh/ABAW5th/data/train/2/train_1965_aligned.jpg,2
/home/wjh/ABAW5th/data/train/2/train_2022_aligned.jpg,2
/home/wjh/ABAW5th/data/train/2/train_1388_aligned.jpg,2
/home/wjh/ABAW5th/data/train/2/train_1562_aligned.jpg,2
/home/wjh/ABAW5th/data/train/2/train_2225_aligned.jpg,2
/home/wjh/ABAW5th/data/train/2/train_1101_aligned.jpg,2
/home/wjh/ABAW5th/data/train/2/train_2173_aligned.jpg,2
/home/wjh/ABAW5th/data/train/2/train_1341_aligned.jpg,2
/home/wjh/ABAW5th/data/train/2/train_2930_aligned.jpg,2
/home/wjh/ABAW5th/data/train/3/train_0694_aligned.jpg,3
/home/wjh/ABAW5th/data/train/3/train_1843_aligned.jpg,3
/home/wjh/ABAW5th/data/train/3/train_2713_aligned.jpg,3
/home/wjh/ABAW5th/data/train/3/train_2704_aligned.jpg,3
/home/wjh/ABAW5th/data/train/3/train_1670_aligned.jpg,3
/home/wjh/ABAW5th/data/train/3/train_2379_aligned.jpg,3
/home/wjh/ABAW5th/data/train/3/train_0069_aligned.jpg,3
/home/wjh/ABAW5th/data/train/3/train_2771_aligned.jpg,3
/home/wjh/ABAW5th/data/train/3/train_1379_aligned.jpg,3
/home/wjh/ABAW5th/data/train/3/train_2922_aligned.jpg,3
/home/wjh/ABAW5th/data/train/3/train_1304_aligned.jpg,3
/home/wjh/ABAW5th/data/train/3/train_0230_aligned.jpg,3
/home/wjh/ABAW5th/data/train/3/train_2879_aligned.jpg,3
/home/wjh/ABAW5th/data/train/3/train_1012_aligned.jpg,3
/home/wjh/ABAW5th/data/train/3/train_1971_aligned.jpg,3
/home/wjh/ABAW5th/data/train/3/train_0832_aligned.jpg,3
/home/wjh/ABAW5th/data/train/3/train_2214_aligned.jpg,3
/home/wjh/ABAW5th/data/train/3/train_1776_aligned.jpg,3
/home/wjh/ABAW5th/data/train/3/train_1774_aligned.jpg,3
/home/wjh/ABAW5th/data/train/3/train_1230_aligned.jpg,3
/home/wjh/ABAW5th/data/train/3/train_2069_aligned.jpg,3
/home/wjh/ABAW5th/data/train/3/train_2859_aligned.jpg,3
/home/wjh/ABAW5th/data/train/3/train_2130_aligned.jpg,3
/home/wjh/ABAW5th/data/train/3/train_0302_aligned.jpg,3
/home/wjh/ABAW5th/data/train/3/train_2168_aligned.jpg,3
/home/wjh/ABAW5th/data/train/3/train_2727_aligned.jpg,3
/home/wjh/ABAW5th/data/train/3/train_1160_aligned.jpg,3
/home/wjh/ABAW5th/data/train/3/train_3075_aligned.jpg,3
/home/wjh/ABAW5th/data/train/3/train_0907_aligned.jpg,3
/home/wjh/ABAW5th/data/train/3/train_0827_aligned.jpg,3
/home/wjh/ABAW5th/data/train/3/train_2269_aligned.jpg,3
/home/wjh/ABAW5th/data/train/3/train_2312_aligned.jpg,3
/home/wjh/ABAW5th/data/train/3/train_0148_aligned.jpg,3
/home/wjh/ABAW5th/data/train/3/train_2172_aligned.jpg,3
/home/wjh/ABAW5th/data/train/3/train_2254_aligned.jpg,3
/home/wjh/ABAW5th/data/train/3/train_0666_aligned.jpg,3
/home/wjh/ABAW5th/data/train/3/train_2647_aligned.jpg,3
/home/wjh/ABAW5th/data/train/3/train_2040_aligned.jpg,3
/home/wjh/ABAW5th/data/train/3/train_1663_aligned.jpg,3
/home/wjh/ABAW5th/data/train/3/train_0107_aligned.jpg,3
/home/wjh/ABAW5th/data/train/3/train_1090_aligned.jpg,3
/home/wjh/ABAW5th/data/train/3/train_2118_aligned.jpg,3
/home/wjh/ABAW5th/data/train/3/train_2080_aligned.jpg,3
/home/wjh/ABAW5th/data/train/3/train_2842_aligned.jpg,3
/home/wjh/ABAW5th/data/train/3/train_2471_aligned.jpg,3
/home/wjh/ABAW5th/data/train/3/train_0965_aligned.jpg,3
/home/wjh/ABAW5th/data/train/3/train_0250_aligned.jpg,3
/home/wjh/ABAW5th/data/train/3/train_2283_aligned.jpg,3
/home/wjh/ABAW5th/data/train/3/train_0233_aligned.jpg,3
/home/wjh/ABAW5th/data/train/3/train_0963_aligned.jpg,3
/home/wjh/ABAW5th/data/train/3/train_0196_aligned.jpg,3
/home/wjh/ABAW5th/data/train/3/train_1035_aligned.jpg,3
/home/wjh/ABAW5th/data/train/3/train_0291_aligned.jpg,3
/home/wjh/ABAW5th/data/train/3/train_2380_aligned.jpg,3
/home/wjh/ABAW5th/data/train/3/train_2127_aligned.jpg,3
/home/wjh/ABAW5th/data/train/3/train_1392_aligned.jpg,3
/home/wjh/ABAW5th/data/train/3/train_0776_aligned.jpg,3
/home/wjh/ABAW5th/data/train/3/train_2747_aligned.jpg,3
/home/wjh/ABAW5th/data/train/3/train_0521_aligned.jpg,3
/home/wjh/ABAW5th/data/train/3/train_0111_aligned.jpg,3
/home/wjh/ABAW5th/data/train/3/train_1616_aligned.jpg,3
/home/wjh/ABAW5th/data/train/3/train_2720_aligned.jpg,3
/home/wjh/ABAW5th/data/train/3/train_3050_aligned.jpg,3
/home/wjh/ABAW5th/data/train/3/train_1537_aligned.jpg,3
/home/wjh/ABAW5th/data/train/3/train_2626_aligned.jpg,3
/home/wjh/ABAW5th/data/train/3/train_0763_aligned.jpg,3
/home/wjh/ABAW5th/data/train/3/train_1763_aligned.jpg,3
/home/wjh/ABAW5th/data/train/3/train_1302_aligned.jpg,3
/home/wjh/ABAW5th/data/train/0/train_0589_aligned.jpg,0
/home/wjh/ABAW5th/data/train/0/train_0778_aligned.jpg,0
/home/wjh/ABAW5th/data/train/0/train_0893_aligned.jpg,0
/home/wjh/ABAW5th/data/train/0/train_1259_aligned.jpg,0
/home/wjh/ABAW5th/data/train/0/train_0222_aligned.jpg,0
/home/wjh/ABAW5th/data/train/0/train_1110_aligned.jpg,0
/home/wjh/ABAW5th/data/train/0/train_2915_aligned.jpg,0
/home/wjh/ABAW5th/data/train/0/train_0557_aligned.jpg,0
/home/wjh/ABAW5th/data/train/0/train_1242_aligned.jpg,0
/home/wjh/ABAW5th/data/train/0/train_0752_aligned.jpg,0
/home/wjh/ABAW5th/data/train/0/train_2373_aligned.jpg,0
/home/wjh/ABAW5th/data/train/0/train_0484_aligned.jpg,0
/home/wjh/ABAW5th/data/train/0/train_0808_aligned.jpg,0
/home/wjh/ABAW5th/data/train/0/train_1190_aligned.jpg,0
/home/wjh/ABAW5th/data/train/0/train_0826_aligned.jpg,0
/home/wjh/ABAW5th/data/train/0/train_1731_aligned.jpg,0
/home/wjh/ABAW5th/data/train/0/train_0554_aligned.jpg,0
/home/wjh/ABAW5th/data/train/0/train_2079_aligned.jpg,0
/home/wjh/ABAW5th/data/train/0/train_1443_aligned.jpg,0
/home/wjh/ABAW5th/data/train/0/train_1945_aligned.jpg,0
/home/wjh/ABAW5th/data/train/0/train_0955_aligned.jpg,0
/home/wjh/ABAW5th/data/train/0/train_0655_aligned.jpg,0
/home/wjh/ABAW5th/data/train/0/train_2943_aligned.jpg,0
/home/wjh/ABAW5th/data/train/0/train_0316_aligned.jpg,0
/home/wjh/ABAW5th/data/train/0/train_1104_aligned.jpg,0
/home/wjh/ABAW5th/data/train/0/train_0545_aligned.jpg,0
/home/wjh/ABAW5th/data/train/0/train_1569_aligned.jpg,0
/home/wjh/ABAW5th/data/train/0/train_1711_aligned.jpg,0
/home/wjh/ABAW5th/data/train/0/train_1713_aligned.jpg,0
/home/wjh/ABAW5th/data/train/0/train_0165_aligned.jpg,0
/home/wjh/ABAW5th/data/train/0/train_2796_aligned.jpg,0
/home/wjh/ABAW5th/data/train/0/train_1303_aligned.jpg,0
/home/wjh/ABAW5th/data/train/0/train_1589_aligned.jpg,0
/home/wjh/ABAW5th/data/train/0/train_0770_aligned.jpg,0
/home/wjh/ABAW5th/data/train/0/train_0526_aligned.jpg,0
/home/wjh/ABAW5th/data/train/0/train_2583_aligned.jpg,0
/home/wjh/ABAW5th/data/train/0/train_1605_aligned.jpg,0
/home/wjh/ABAW5th/data/train/0/train_2089_aligned.jpg,0
/home/wjh/ABAW5th/data/train/0/train_1987_aligned.jpg,0
/home/wjh/ABAW5th/data/train/0/train_2992_aligned.jpg,0
/home/wjh/ABAW5th/data/train/0/train_0847_aligned.jpg,0
/home/wjh/ABAW5th/data/train/0/train_0796_aligned.jpg,0
/home/wjh/ABAW5th/data/train/0/train_0458_aligned.jpg,0
/home/wjh/ABAW5th/data/train/0/train_1024_aligned.jpg,0
/home/wjh/ABAW5th/data/train/0/train_0782_aligned.jpg,0
/home/wjh/ABAW5th/data/train/0/train_2506_aligned.jpg,0
/home/wjh/ABAW5th/data/train/0/train_2619_aligned.jpg,0
/home/wjh/ABAW5th/data/train/0/train_2255_aligned.jpg,0
/home/wjh/ABAW5th/data/train/0/train_0759_aligned.jpg,0
/home/wjh/ABAW5th/data/train/0/train_0679_aligned.jpg,0
/home/wjh/ABAW5th/data/train/0/train_0618_aligned.jpg,0
/home/wjh/ABAW5th/data/train/0/train_1689_aligned.jpg,0
/home/wjh/ABAW5th/data/train/0/train_0174_aligned.jpg,0
/home/wjh/ABAW5th/data/train/0/train_0009_aligned.jpg,0
/home/wjh/ABAW5th/data/train/0/train_2793_aligned.jpg,0
/home/wjh/ABAW5th/data/train/0/train_0786_aligned.jpg,0
/home/wjh/ABAW5th/data/train/0/train_0850_aligned.jpg,0
/home/wjh/ABAW5th/data/train/0/train_1757_aligned.jpg,0
/home/wjh/ABAW5th/data/train/0/train_0608_aligned.jpg,0
/home/wjh/ABAW5th/data/train/0/train_1219_aligned.jpg,0
/home/wjh/ABAW5th/data/train/0/train_2735_aligned.jpg,0
/home/wjh/ABAW5th/data/train/0/train_1235_aligned.jpg,0
/home/wjh/ABAW5th/data/train/0/train_2921_aligned.jpg,0
/home/wjh/ABAW5th/data/train/0/train_0277_aligned.jpg,0
/home/wjh/ABAW5th/data/train/0/train_0388_aligned.jpg,0
/home/wjh/ABAW5th/data/train/0/train_3150_aligned.jpg,0
/home/wjh/ABAW5th/data/train/0/train_2615_aligned.jpg,0
/home/wjh/ABAW5th/data/train/0/train_0149_aligned.jpg,0
/home/wjh/ABAW5th/data/train/0/train_2270_aligned.jpg,0
/home/wjh/ABAW5th/data/train/0/train_2795_aligned.jpg,0
/home/wjh/ABAW5th/data/train/0/train_2993_aligned.jpg,0
/home/wjh/ABAW5th/data/train/0/train_0993_aligned.jpg,0
/home/wjh/ABAW5th/data/train/0/train_0127_aligned.jpg,0
/home/wjh/ABAW5th/data/train/0/train_2867_aligned.jpg,0
/home/wjh/ABAW5th/data/train/0/train_0874_aligned.jpg,0
/home/wjh/ABAW5th/data/train/0/train_0779_aligned.jpg,0
/home/wjh/ABAW5th/data/train/0/train_0245_aligned.jpg,0
/home/wjh/ABAW5th/data/train/0/train_0540_aligned.jpg,0
/home/wjh/ABAW5th/data/train/0/train_1752_aligned.jpg,0
/home/wjh/ABAW5th/data/train/0/train_3071_aligned.jpg,0
/home/wjh/ABAW5th/data/train/0/train_1680_aligned.jpg,0
/home/wjh/ABAW5th/data/train/0/train_1099_aligned.jpg,0
/home/wjh/ABAW5th/data/train/0/train_1813_aligned.jpg,0
/home/wjh/ABAW5th/data/train/0/train_0100_aligned.jpg,0
/home/wjh/ABAW5th/data/train/0/train_1703_aligned.jpg,0
/home/wjh/ABAW5th/data/train/0/train_0255_aligned.jpg,0
/home/wjh/ABAW5th/data/train/0/train_0018_aligned.jpg,0
/home/wjh/ABAW5th/data/train/0/train_2209_aligned.jpg,0
/home/wjh/ABAW5th/data/train/0/train_0585_aligned.jpg,0
/home/wjh/ABAW5th/data/train/0/train_0969_aligned.jpg,0
/home/wjh/ABAW5th/data/train/0/train_2743_aligned.jpg,0
/home/wjh/ABAW5th/data/train/0/train_0132_aligned.jpg,0
/home/wjh/ABAW5th/data/train/0/train_0736_aligned.jpg,0
/home/wjh/ABAW5th/data/train/0/train_3100_aligned.jpg,0
/home/wjh/ABAW5th/data/train/0/train_1265_aligned.jpg,0
/home/wjh/ABAW5th/data/train/0/train_2005_aligned.jpg,0
/home/wjh/ABAW5th/data/train/0/train_2774_aligned.jpg,0
/home/wjh/ABAW5th/data/train/0/train_0561_aligned.jpg,0
/home/wjh/ABAW5th/data/train/0/train_2928_aligned.jpg,0
/home/wjh/ABAW5th/data/train/0/train_0842_aligned.jpg,0
/home/wjh/ABAW5th/data/train/0/train_0886_aligned.jpg,0
/home/wjh/ABAW5th/data/train/0/train_2914_aligned.jpg,0
/home/wjh/ABAW5th/data/train/0/train_1850_aligned.jpg,0
/home/wjh/ABAW5th/data/train/0/train_0542_aligned.jpg,0
/home/wjh/ABAW5th/data/train/0/train_0282_aligned.jpg,0
/home/wjh/ABAW5th/data/train/0/train_1278_aligned.jpg,0
/home/wjh/ABAW5th/data/train/0/train_2331_aligned.jpg,0
/home/wjh/ABAW5th/data/train/0/train_1225_aligned.jpg,0
/home/wjh/ABAW5th/data/train/0/train_1869_aligned.jpg,0
/home/wjh/ABAW5th/data/train/0/train_1170_aligned.jpg,0
/home/wjh/ABAW5th/data/train/0/train_0884_aligned.jpg,0
/home/wjh/ABAW5th/data/train/0/train_1894_aligned.jpg,0
/home/wjh/ABAW5th/data/train/0/train_0682_aligned.jpg,0
/home/wjh/ABAW5th/data/train/0/train_0084_aligned.jpg,0
/home/wjh/ABAW5th/data/train/0/train_0247_aligned.jpg,0
/home/wjh/ABAW5th/data/train/0/train_0588_aligned.jpg,0
/home/wjh/ABAW5th/data/train/0/train_1617_aligned.jpg,0
/home/wjh/ABAW5th/data/train/0/train_0853_aligned.jpg,0
/home/wjh/ABAW5th/data/train/0/train_0358_aligned.jpg,0
/home/wjh/ABAW5th/data/train/0/train_0743_aligned.jpg,0
/home/wjh/ABAW5th/data/train/0/train_2621_aligned.jpg,0
/home/wjh/ABAW5th/data/train/0/train_0787_aligned.jpg,0
/home/wjh/ABAW5th/data/train/0/train_0064_aligned.jpg,0
/home/wjh/ABAW5th/data/train/0/train_3046_aligned.jpg,0
/home/wjh/ABAW5th/data/train/0/train_2103_aligned.jpg,0
/home/wjh/ABAW5th/data/train/0/train_1716_aligned.jpg,0
/home/wjh/ABAW5th/data/train/0/train_0343_aligned.jpg,0
/home/wjh/ABAW5th/data/train/0/train_1298_aligned.jpg,0
/home/wjh/ABAW5th/data/train/0/train_1376_aligned.jpg,0
/home/wjh/ABAW5th/data/train/0/train_1095_aligned.jpg,0
/home/wjh/ABAW5th/data/train/0/train_0078_aligned.jpg,0
/home/wjh/ABAW5th/data/train/0/train_1715_aligned.jpg,0
/home/wjh/ABAW5th/data/train/0/train_0994_aligned.jpg,0
/home/wjh/ABAW5th/data/train/0/train_1431_aligned.jpg,0
/home/wjh/ABAW5th/data/train/0/train_2638_aligned.jpg,0
/home/wjh/ABAW5th/data/train/0/train_1091_aligned.jpg,0
/home/wjh/ABAW5th/data/train/0/train_2616_aligned.jpg,0
/home/wjh/ABAW5th/data/train/0/train_0737_aligned.jpg,0
/home/wjh/ABAW5th/data/train/0/train_0203_aligned.jpg,0
/home/wjh/ABAW5th/data/train/0/train_2009_aligned.jpg,0
/home/wjh/ABAW5th/data/train/0/train_2362_aligned.jpg,0
/home/wjh/ABAW5th/data/train/0/train_0811_aligned.jpg,0
/home/wjh/ABAW5th/data/train/0/train_1358_aligned.jpg,0
/home/wjh/ABAW5th/data/train/0/train_1692_aligned.jpg,0
/home/wjh/ABAW5th/data/train/0/train_1504_aligned.jpg,0
/home/wjh/ABAW5th/data/train/0/train_1737_aligned.jpg,0
/home/wjh/ABAW5th/data/train/0/train_0041_aligned.jpg,0
/home/wjh/ABAW5th/data/train/0/train_0240_aligned.jpg,0
/home/wjh/ABAW5th/data/train/0/train_2695_aligned.jpg,0
/home/wjh/ABAW5th/data/train/0/train_2755_aligned.jpg,0
/home/wjh/ABAW5th/data/train/0/train_0031_aligned.jpg,0
/home/wjh/ABAW5th/data/train/0/train_0870_aligned.jpg,0
/home/wjh/ABAW5th/data/train/0/train_1564_aligned.jpg,0
/home/wjh/ABAW5th/data/train/0/train_1673_aligned.jpg,0
/home/wjh/ABAW5th/data/train/0/train_0792_aligned.jpg,0
/home/wjh/ABAW5th/data/train/0/train_1629_aligned.jpg,0
/home/wjh/ABAW5th/data/train/0/train_2056_aligned.jpg,0
/home/wjh/ABAW5th/data/train/0/train_3012_aligned.jpg,0
/home/wjh/ABAW5th/data/train/0/train_0215_aligned.jpg,0
/home/wjh/ABAW5th/data/train/0/train_0725_aligned.jpg,0
/home/wjh/ABAW5th/data/train/0/train_2868_aligned.jpg,0
/home/wjh/ABAW5th/data/train/0/train_0989_aligned.jpg,0
/home/wjh/ABAW5th/data/train/0/train_2973_aligned.jpg,0
/home/wjh/ABAW5th/data/train/0/train_1947_aligned.jpg,0
/home/wjh/ABAW5th/data/train/0/train_0189_aligned.jpg,0
/home/wjh/ABAW5th/data/train/0/train_1370_aligned.jpg,0
/home/wjh/ABAW5th/data/train/0/train_0931_aligned.jpg,0
/home/wjh/ABAW5th/data/train/0/train_1028_aligned.jpg,0
/home/wjh/ABAW5th/data/train/0/train_1398_aligned.jpg,0
/home/wjh/ABAW5th/data/train/0/train_2753_aligned.jpg,0
/home/wjh/ABAW5th/data/train/0/train_2988_aligned.jpg,0
/home/wjh/ABAW5th/data/train/0/train_0219_aligned.jpg,0
/home/wjh/ABAW5th/data/train/0/train_0906_aligned.jpg,0
/home/wjh/ABAW5th/data/train/0/train_1868_aligned.jpg,0
/home/wjh/ABAW5th/data/train/0/train_3082_aligned.jpg,0
/home/wjh/ABAW5th/data/train/0/train_3035_aligned.jpg,0
/home/wjh/ABAW5th/data/train/0/train_0926_aligned.jpg,0
/home/wjh/ABAW5th/data/train/0/train_0496_aligned.jpg,0
/home/wjh/ABAW5th/data/train/0/train_0006_aligned.jpg,0
/home/wjh/ABAW5th/data/train/0/train_1849_aligned.jpg,0
/home/wjh/ABAW5th/data/train/0/train_0324_aligned.jpg,0
/home/wjh/ABAW5th/data/train/0/train_2053_aligned.jpg,0
/home/wjh/ABAW5th/data/train/0/train_1573_aligned.jpg,0
/home/wjh/ABAW5th/data/train/0/train_1197_aligned.jpg,0
/home/wjh/ABAW5th/data/train/0/train_2860_aligned.jpg,0
/home/wjh/ABAW5th/data/train/0/train_2204_aligned.jpg,0
/home/wjh/ABAW5th/data/train/0/train_0079_aligned.jpg,0
/home/wjh/ABAW5th/data/train/0/train_1351_aligned.jpg,0
/home/wjh/ABAW5th/data/train/0/train_1912_aligned.jpg,0
/home/wjh/ABAW5th/data/train/0/train_2368_aligned.jpg,0
/home/wjh/ABAW5th/data/train/0/train_1441_aligned.jpg,0
/home/wjh/ABAW5th/data/train/0/train_1442_aligned.jpg,0
/home/wjh/ABAW5th/data/train/0/train_2729_aligned.jpg,0
/home/wjh/ABAW5th/data/train/0/train_3085_aligned.jpg,0
/home/wjh/ABAW5th/data/train/0/train_2074_aligned.jpg,0
/home/wjh/ABAW5th/data/train/0/train_1798_aligned.jpg,0
/home/wjh/ABAW5th/data/train/0/train_1876_aligned.jpg,0
/home/wjh/ABAW5th/data/train/0/train_1444_aligned.jpg,0
/home/wjh/ABAW5th/data/train/0/train_0244_aligned.jpg,0
/home/wjh/ABAW5th/data/train/0/train_0804_aligned.jpg,0
/home/wjh/ABAW5th/data/train/0/train_2370_aligned.jpg,0
/home/wjh/ABAW5th/data/train/0/train_1646_aligned.jpg,0
/home/wjh/ABAW5th/data/train/0/train_0707_aligned.jpg,0
/home/wjh/ABAW5th/data/train/0/train_0817_aligned.jpg,0
/home/wjh/ABAW5th/data/train/0/train_1600_aligned.jpg,0
/home/wjh/ABAW5th/data/train/0/train_0814_aligned.jpg,0
/home/wjh/ABAW5th/data/train/0/train_1305_aligned.jpg,0
/home/wjh/ABAW5th/data/train/0/train_1698_aligned.jpg,0
/home/wjh/ABAW5th/data/train/0/train_1960_aligned.jpg,0
/home/wjh/ABAW5th/data/train/0/train_0595_aligned.jpg,0
/home/wjh/ABAW5th/data/train/0/train_2622_aligned.jpg,0
/home/wjh/ABAW5th/data/train/0/train_1682_aligned.jpg,0
/home/wjh/ABAW5th/data/train/0/train_1359_aligned.jpg,0
/home/wjh/ABAW5th/data/train/0/train_3124_aligned.jpg,0
/home/wjh/ABAW5th/data/train/0/train_2643_aligned.jpg,0
/home/wjh/ABAW5th/data/train/0/train_2927_aligned.jpg,0
/home/wjh/ABAW5th/data/train/0/train_2166_aligned.jpg,0
/home/wjh/ABAW5th/data/train/0/train_0769_aligned.jpg,0
/home/wjh/ABAW5th/data/train/0/train_1948_aligned.jpg,0
/home/wjh/ABAW5th/data/train/0/train_0775_aligned.jpg,0
/home/wjh/ABAW5th/data/train/0/train_0636_aligned.jpg,0
/home/wjh/ABAW5th/data/train/0/train_1824_aligned.jpg,0
/home/wjh/ABAW5th/data/train/0/train_1108_aligned.jpg,0
/home/wjh/ABAW5th/data/train/0/train_3130_aligned.jpg,0
/home/wjh/ABAW5th/data/train/0/train_0485_aligned.jpg,0
/home/wjh/ABAW5th/data/train/0/train_2189_aligned.jpg,0
/home/wjh/ABAW5th/data/train/0/train_1345_aligned.jpg,0
/home/wjh/ABAW5th/data/train/0/train_0513_aligned.jpg,0
/home/wjh/ABAW5th/data/train/0/train_0228_aligned.jpg,0
/home/wjh/ABAW5th/data/train/0/train_1877_aligned.jpg,0
/home/wjh/ABAW5th/data/train/0/train_2027_aligned.jpg,0
/home/wjh/ABAW5th/data/train/0/train_2219_aligned.jpg,0
/home/wjh/ABAW5th/data/train/0/train_1177_aligned.jpg,0
/home/wjh/ABAW5th/data/train/0/train_0067_aligned.jpg,0
/home/wjh/ABAW5th/data/train/0/train_1141_aligned.jpg,0
/home/wjh/ABAW5th/data/train/0/train_2812_aligned.jpg,0
/home/wjh/ABAW5th/data/train/0/train_1902_aligned.jpg,0
/home/wjh/ABAW5th/data/train/0/train_3091_aligned.jpg,0
/home/wjh/ABAW5th/data/train/0/train_1114_aligned.jpg,0
/home/wjh/ABAW5th/data/train/0/train_0418_aligned.jpg,0
/home/wjh/ABAW5th/data/train/0/train_1548_aligned.jpg,0
/home/wjh/ABAW5th/data/train/0/train_3037_aligned.jpg,0
/home/wjh/ABAW5th/data/train/0/train_0425_aligned.jpg,0
/home/wjh/ABAW5th/data/train/0/train_1614_aligned.jpg,0
/home/wjh/ABAW5th/data/train/0/train_2125_aligned.jpg,0
/home/wjh/ABAW5th/data/train/0/train_0533_aligned.jpg,0
/home/wjh/ABAW5th/data/train/0/train_2383_aligned.jpg,0
/home/wjh/ABAW5th/data/train/0/train_1691_aligned.jpg,0
/home/wjh/ABAW5th/data/train/0/train_0671_aligned.jpg,0
/home/wjh/ABAW5th/data/train/0/train_0318_aligned.jpg,0
/home/wjh/ABAW5th/data/train/0/train_0405_aligned.jpg,0
/home/wjh/ABAW5th/data/train/0/train_1046_aligned.jpg,0
/home/wjh/ABAW5th/data/train/0/train_0594_aligned.jpg,0
/home/wjh/ABAW5th/data/train/0/train_2623_aligned.jpg,0
/home/wjh/ABAW5th/data/train/0/train_0768_aligned.jpg,0
/home/wjh/ABAW5th/data/train/0/train_2594_aligned.jpg,0
/home/wjh/ABAW5th/data/train/0/train_0809_aligned.jpg,0
/home/wjh/ABAW5th/data/train/0/train_0221_aligned.jpg,0
/home/wjh/ABAW5th/data/train/0/train_0508_aligned.jpg,0
/home/wjh/ABAW5th/data/train/0/train_1263_aligned.jpg,0
/home/wjh/ABAW5th/data/train/0/train_0474_aligned.jpg,0
/home/wjh/ABAW5th/data/train/0/train_1764_aligned.jpg,0
/home/wjh/ABAW5th/data/train/0/train_0683_aligned.jpg,0
/home/wjh/ABAW5th/data/train/0/train_0187_aligned.jpg,0
/home/wjh/ABAW5th/data/train/0/train_0895_aligned.jpg,0
/home/wjh/ABAW5th/data/train/0/train_0522_aligned.jpg,0
/home/wjh/ABAW5th/data/train/0/train_1425_aligned.jpg,0
/home/wjh/ABAW5th/data/train/0/train_2342_aligned.jpg,0
/home/wjh/ABAW5th/data/train/0/train_3118_aligned.jpg,0
/home/wjh/ABAW5th/data/train/0/train_1149_aligned.jpg,0
/home/wjh/ABAW5th/data/train/0/train_2058_aligned.jpg,0
/home/wjh/ABAW5th/data/train/0/train_1787_aligned.jpg,0
/home/wjh/ABAW5th/data/train/0/train_0559_aligned.jpg,0
/home/wjh/ABAW5th/data/train/0/train_1511_aligned.jpg,0
/home/wjh/ABAW5th/data/train/0/train_2284_aligned.jpg,0
/home/wjh/ABAW5th/data/train/0/train_2665_aligned.jpg,0
/home/wjh/ABAW5th/data/train/0/train_1662_aligned.jpg,0
/home/wjh/ABAW5th/data/train/0/train_0120_aligned.jpg,0
/home/wjh/ABAW5th/data/train/0/train_3146_aligned.jpg,0
/home/wjh/ABAW5th/data/train/0/train_0582_aligned.jpg,0
/home/wjh/ABAW5th/data/train/0/train_2634_aligned.jpg,0
/home/wjh/ABAW5th/data/train/0/train_2206_aligned.jpg,0
/home/wjh/ABAW5th/data/train/0/train_1129_aligned.jpg,0
/home/wjh/ABAW5th/data/train/0/train_1203_aligned.jpg,0
/home/wjh/ABAW5th/data/train/0/train_0384_aligned.jpg,0
/home/wjh/ABAW5th/data/train/0/train_0901_aligned.jpg,0
/home/wjh/ABAW5th/data/train/0/train_1929_aligned.jpg,0
/home/wjh/ABAW5th/data/train/0/train_1720_aligned.jpg,0
/home/wjh/ABAW5th/data/train/0/train_1217_aligned.jpg,0
/home/wjh/ABAW5th/data/train/0/train_2231_aligned.jpg,0
/home/wjh/ABAW5th/data/train/0/train_1440_aligned.jpg,0
/home/wjh/ABAW5th/data/train/0/train_0714_aligned.jpg,0
/home/wjh/ABAW5th/data/train/0/train_2335_aligned.jpg,0
/home/wjh/ABAW5th/data/train/0/train_2387_aligned.jpg,0
/home/wjh/ABAW5th/data/train/0/train_1531_aligned.jpg,0
/home/wjh/ABAW5th/data/train/0/train_1917_aligned.jpg,0
/home/wjh/ABAW5th/data/train/0/train_0104_aligned.jpg,0
/home/wjh/ABAW5th/data/train/0/train_2873_aligned.jpg,0
/home/wjh/ABAW5th/data/train/0/train_2538_aligned.jpg,0
/home/wjh/ABAW5th/data/train/0/train_0300_aligned.jpg,0
/home/wjh/ABAW5th/data/train/0/train_1478_aligned.jpg,0
/home/wjh/ABAW5th/data/train/0/train_1468_aligned.jpg,0
/home/wjh/ABAW5th/data/train/0/train_0954_aligned.jpg,0
/home/wjh/ABAW5th/data/train/0/train_1783_aligned.jpg,0
/home/wjh/ABAW5th/data/train/0/train_2334_aligned.jpg,0
/home/wjh/ABAW5th/data/train/0/train_0856_aligned.jpg,0
/home/wjh/ABAW5th/data/train/0/train_1848_aligned.jpg,0
/home/wjh/ABAW5th/data/train/0/train_0547_aligned.jpg,0
/home/wjh/ABAW5th/data/train/0/train_0213_aligned.jpg,0
/home/wjh/ABAW5th/data/train/0/train_1216_aligned.jpg,0
/home/wjh/ABAW5th/data/train/0/train_0788_aligned.jpg,0
/home/wjh/ABAW5th/data/train/0/train_0605_aligned.jpg,0
/home/wjh/ABAW5th/data/train/0/train_0621_aligned.jpg,0
/home/wjh/ABAW5th/data/train/0/train_1624_aligned.jpg,0
/home/wjh/ABAW5th/data/train/0/train_0629_aligned.jpg,0
/home/wjh/ABAW5th/data/train/0/train_1397_aligned.jpg,0
/home/wjh/ABAW5th/data/train/0/train_0702_aligned.jpg,0
/home/wjh/ABAW5th/data/train/0/train_1439_aligned.jpg,0
/home/wjh/ABAW5th/data/train/0/train_0514_aligned.jpg,0
/home/wjh/ABAW5th/data/train/0/train_2247_aligned.jpg,0
/home/wjh/ABAW5th/data/train/0/train_2019_aligned.jpg,0
/home/wjh/ABAW5th/data/train/0/train_2502_aligned.jpg,0
/home/wjh/ABAW5th/data/train/0/train_2597_aligned.jpg,0
/home/wjh/ABAW5th/data/train/0/train_1659_aligned.jpg,0
/home/wjh/ABAW5th/data/train/0/train_1856_aligned.jpg,0
/home/wjh/ABAW5th/data/train/0/train_1162_aligned.jpg,0
/home/wjh/ABAW5th/data/train/0/train_2754_aligned.jpg,0
/home/wjh/ABAW5th/data/train/0/train_1365_aligned.jpg,0
/home/wjh/ABAW5th/data/train/0/train_0624_aligned.jpg,0
/home/wjh/ABAW5th/data/train/0/train_0928_aligned.jpg,0
/home/wjh/ABAW5th/data/train/0/train_2692_aligned.jpg,0
/home/wjh/ABAW5th/data/train/0/train_2186_aligned.jpg,0
/home/wjh/ABAW5th/data/train/0/train_2119_aligned.jpg,0
/home/wjh/ABAW5th/data/train/0/train_0480_aligned.jpg,0
/home/wjh/ABAW5th/data/train/0/train_1870_aligned.jpg,0
/home/wjh/ABAW5th/data/train/0/train_2360_aligned.jpg,0
/home/wjh/ABAW5th/data/train/0/train_0753_aligned.jpg,0
/home/wjh/ABAW5th/data/train/0/train_0945_aligned.jpg,0
/home/wjh/ABAW5th/data/train/0/train_1608_aligned.jpg,0
/home/wjh/ABAW5th/data/train/0/train_1688_aligned.jpg,0
/home/wjh/ABAW5th/data/train/0/train_0959_aligned.jpg,0
/home/wjh/ABAW5th/data/train/0/train_2663_aligned.jpg,0
/home/wjh/ABAW5th/data/train/0/train_2725_aligned.jpg,0
/home/wjh/ABAW5th/data/train/0/train_0044_aligned.jpg,0
/home/wjh/ABAW5th/data/train/0/train_1627_aligned.jpg,0
/home/wjh/ABAW5th/data/train/0/train_1898_aligned.jpg,0
/home/wjh/ABAW5th/data/train/0/train_1733_aligned.jpg,0
/home/wjh/ABAW5th/data/train/0/train_1944_aligned.jpg,0
/home/wjh/ABAW5th/data/train/0/train_1919_aligned.jpg,0
/home/wjh/ABAW5th/data/train/0/train_1222_aligned.jpg,0
/home/wjh/ABAW5th/data/train/0/train_0241_aligned.jpg,0
/home/wjh/ABAW5th/data/train/0/train_0012_aligned.jpg,0
/home/wjh/ABAW5th/data/train/0/train_0664_aligned.jpg,0
/home/wjh/ABAW5th/data/train/0/train_2208_aligned.jpg,0
/home/wjh/ABAW5th/data/train/0/train_1200_aligned.jpg,0
/home/wjh/ABAW5th/data/train/0/train_2002_aligned.jpg,0
/home/wjh/ABAW5th/data/train/0/train_1073_aligned.jpg,0
/home/wjh/ABAW5th/data/train/0/train_2088_aligned.jpg,0
/home/wjh/ABAW5th/data/train/0/train_1648_aligned.jpg,0
/home/wjh/ABAW5th/data/train/0/train_2906_aligned.jpg,0
/home/wjh/ABAW5th/data/train/0/train_2733_aligned.jpg,0
/home/wjh/ABAW5th/data/train/0/train_0903_aligned.jpg,0
/home/wjh/ABAW5th/data/train/0/train_0102_aligned.jpg,0
/home/wjh/ABAW5th/data/train/0/train_2055_aligned.jpg,0
/home/wjh/ABAW5th/data/train/0/train_0846_aligned.jpg,0
/home/wjh/ABAW5th/data/train/0/train_2811_aligned.jpg,0
/home/wjh/ABAW5th/data/train/0/train_2706_aligned.jpg,0
/home/wjh/ABAW5th/data/train/0/train_0555_aligned.jpg,0
/home/wjh/ABAW5th/data/train/0/train_1013_aligned.jpg,0
/home/wjh/ABAW5th/data/train/0/train_0339_aligned.jpg,0
/home/wjh/ABAW5th/data/train/0/train_0033_aligned.jpg,0
/home/wjh/ABAW5th/data/train/0/train_2654_aligned.jpg,0
/home/wjh/ABAW5th/data/train/0/train_0200_aligned.jpg,0
/home/wjh/ABAW5th/data/train/0/train_2822_aligned.jpg,0
/home/wjh/ABAW5th/data/train/0/train_0674_aligned.jpg,0
/home/wjh/ABAW5th/data/train/0/train_1464_aligned.jpg,0
/home/wjh/ABAW5th/data/train/0/train_1524_aligned.jpg,0
/home/wjh/ABAW5th/data/train/0/train_0335_aligned.jpg,0
/home/wjh/ABAW5th/data/train/0/train_2763_aligned.jpg,0
/home/wjh/ABAW5th/data/train/0/train_2569_aligned.jpg,0
/home/wjh/ABAW5th/data/train/0/train_2798_aligned.jpg,0
/home/wjh/ABAW5th/data/train/0/train_1249_aligned.jpg,0
/home/wjh/ABAW5th/data/train/0/train_1678_aligned.jpg,0
/home/wjh/ABAW5th/data/train/0/train_2241_aligned.jpg,0
/home/wjh/ABAW5th/data/train/0/train_2664_aligned.jpg,0
/home/wjh/ABAW5th/data/train/0/train_0377_aligned.jpg,0
/home/wjh/ABAW5th/data/train/0/train_2925_aligned.jpg,0
/home/wjh/ABAW5th/data/train/0/train_2290_aligned.jpg,0
/home/wjh/ABAW5th/data/train/0/train_2102_aligned.jpg,0
/home/wjh/ABAW5th/data/train/0/train_1666_aligned.jpg,0
/home/wjh/ABAW5th/data/train/0/train_2816_aligned.jpg,0
/home/wjh/ABAW5th/data/train/0/train_2989_aligned.jpg,0
/home/wjh/ABAW5th/data/train/0/train_2797_aligned.jpg,0
/home/wjh/ABAW5th/data/train/0/train_2030_aligned.jpg,0
/home/wjh/ABAW5th/data/train/0/train_0762_aligned.jpg,0
/home/wjh/ABAW5th/data/train/0/train_1161_aligned.jpg,0
/home/wjh/ABAW5th/data/train/0/train_2680_aligned.jpg,0
/home/wjh/ABAW5th/data/train/0/train_1201_aligned.jpg,0
/home/wjh/ABAW5th/data/train/0/train_3151_aligned.jpg,0
/home/wjh/ABAW5th/data/train/0/train_0093_aligned.jpg,0
/home/wjh/ABAW5th/data/train/0/train_2017_aligned.jpg,0
/home/wjh/ABAW5th/data/train/0/train_0843_aligned.jpg,0
/home/wjh/ABAW5th/data/train/0/train_2586_aligned.jpg,0
/home/wjh/ABAW5th/data/train/0/train_2369_aligned.jpg,0
/home/wjh/ABAW5th/data/train/0/train_2378_aligned.jpg,0
/home/wjh/ABAW5th/data/train/0/train_1841_aligned.jpg,0
/home/wjh/ABAW5th/data/train/0/train_0497_aligned.jpg,0
/home/wjh/ABAW5th/data/train/0/train_0984_aligned.jpg,0
/home/wjh/ABAW5th/data/train/0/train_2046_aligned.jpg,0
/home/wjh/ABAW5th/data/train/0/train_0889_aligned.jpg,0
/home/wjh/ABAW5th/data/train/0/train_0833_aligned.jpg,0
/home/wjh/ABAW5th/data/train/0/train_2508_aligned.jpg,0
/home/wjh/ABAW5th/data/train/0/train_0639_aligned.jpg,0
/home/wjh/ABAW5th/data/train/0/train_0854_aligned.jpg,0
/home/wjh/ABAW5th/data/train/0/train_1261_aligned.jpg,0
/home/wjh/ABAW5th/data/train/0/train_1998_aligned.jpg,0
/home/wjh/ABAW5th/data/train/0/train_0266_aligned.jpg,0
/home/wjh/ABAW5th/data/train/0/train_2920_aligned.jpg,0
/home/wjh/ABAW5th/data/train/0/train_2110_aligned.jpg,0
/home/wjh/ABAW5th/data/train/0/train_1885_aligned.jpg,0
/home/wjh/ABAW5th/data/train/0/train_2105_aligned.jpg,0
/home/wjh/ABAW5th/data/train/0/train_0643_aligned.jpg,0
/home/wjh/ABAW5th/data/train/0/train_1909_aligned.jpg,0
/home/wjh/ABAW5th/data/train/0/train_1780_aligned.jpg,0
/home/wjh/ABAW5th/data/train/0/train_0831_aligned.jpg,0
/home/wjh/ABAW5th/data/train/0/train_1961_aligned.jpg,0
/home/wjh/ABAW5th/data/train/0/train_2221_aligned.jpg,0
/home/wjh/ABAW5th/data/train/0/train_0602_aligned.jpg,0
/home/wjh/ABAW5th/data/train/0/train_0586_aligned.jpg,0
/home/wjh/ABAW5th/data/train/0/train_0711_aligned.jpg,0
/home/wjh/ABAW5th/data/train/0/train_0687_aligned.jpg,0
/home/wjh/ABAW5th/data/train/0/train_2015_aligned.jpg,0
/home/wjh/ABAW5th/data/train/0/train_2775_aligned.jpg,0
/home/wjh/ABAW5th/data/train/0/train_3021_aligned.jpg,0
/home/wjh/ABAW5th/data/train/0/train_1004_aligned.jpg,0
/home/wjh/ABAW5th/data/train/0/train_2874_aligned.jpg,0
/home/wjh/ABAW5th/data/train/0/train_2883_aligned.jpg,0
/home/wjh/ABAW5th/data/train/0/train_1480_aligned.jpg,0
/home/wjh/ABAW5th/data/train/0/train_0942_aligned.jpg,0
/home/wjh/ABAW5th/data/train/0/train_0462_aligned.jpg,0
/home/wjh/ABAW5th/data/train/0/train_0688_aligned.jpg,0
/home/wjh/ABAW5th/data/train/0/train_1546_aligned.jpg,0
/home/wjh/ABAW5th/data/train/0/train_2929_aligned.jpg,0
/home/wjh/ABAW5th/data/train/0/train_0401_aligned.jpg,0
/home/wjh/ABAW5th/data/train/0/train_0591_aligned.jpg,0
/home/wjh/ABAW5th/data/train/0/train_3094_aligned.jpg,0
/home/wjh/ABAW5th/data/train/0/train_0571_aligned.jpg,0
/home/wjh/ABAW5th/data/train/0/train_1962_aligned.jpg,0
/home/wjh/ABAW5th/data/train/0/train_1347_aligned.jpg,0
/home/wjh/ABAW5th/data/train/0/train_2007_aligned.jpg,0
/home/wjh/ABAW5th/data/train/0/train_1300_aligned.jpg,0
/home/wjh/ABAW5th/data/train/0/train_0946_aligned.jpg,0
/home/wjh/ABAW5th/data/train/0/train_0960_aligned.jpg,0
/home/wjh/ABAW5th/data/train/0/train_0848_aligned.jpg,0
/home/wjh/ABAW5th/data/train/0/train_0237_aligned.jpg,0
/home/wjh/ABAW5th/data/train/0/train_3140_aligned.jpg,0
/home/wjh/ABAW5th/data/train/0/train_1040_aligned.jpg,0
/home/wjh/ABAW5th/data/train/0/train_0436_aligned.jpg,0
/home/wjh/ABAW5th/data/train/0/train_2232_aligned.jpg,0
/home/wjh/ABAW5th/data/train/0/train_2285_aligned.jpg,0
/home/wjh/ABAW5th/data/train/0/train_0646_aligned.jpg,0
/home/wjh/ABAW5th/data/train/0/train_0604_aligned.jpg,0
/home/wjh/ABAW5th/data/train/0/train_1350_aligned.jpg,0
/home/wjh/ABAW5th/data/train/0/train_2367_aligned.jpg,0
/home/wjh/ABAW5th/data/train/0/train_2818_aligned.jpg,0
/home/wjh/ABAW5th/data/train/0/train_1393_aligned.jpg,0
/home/wjh/ABAW5th/data/train/0/train_1966_aligned.jpg,0
/home/wjh/ABAW5th/data/train/0/train_1538_aligned.jpg,0
/home/wjh/ABAW5th/data/train/0/train_3098_aligned.jpg,0
/home/wjh/ABAW5th/data/train/0/train_1690_aligned.jpg,0
/home/wjh/ABAW5th/data/train/0/train_2792_aligned.jpg,0
/home/wjh/ABAW5th/data/train/0/train_0164_aligned.jpg,0
/home/wjh/ABAW5th/data/train/0/train_2511_aligned.jpg,0
/home/wjh/ABAW5th/data/train/0/train_0284_aligned.jpg,0
/home/wjh/ABAW5th/data/train/0/train_0780_aligned.jpg,0
/home/wjh/ABAW5th/data/train/0/train_1213_aligned.jpg,0
/home/wjh/ABAW5th/data/train/0/train_2800_aligned.jpg,0
/home/wjh/ABAW5th/data/train/0/train_2817_aligned.jpg,0
/home/wjh/ABAW5th/data/train/0/train_2696_aligned.jpg,0
/home/wjh/ABAW5th/data/train/0/train_1592_aligned.jpg,0
/home/wjh/ABAW5th/data/train/0/train_2077_aligned.jpg,0
/home/wjh/ABAW5th/data/train/0/train_1928_aligned.jpg,0
/home/wjh/ABAW5th/data/train/0/train_3044_aligned.jpg,0
/home/wjh/ABAW5th/data/train/0/train_1050_aligned.jpg,0
/home/wjh/ABAW5th/data/train/0/train_1942_aligned.jpg,0
/home/wjh/ABAW5th/data/train/0/train_2366_aligned.jpg,0
/home/wjh/ABAW5th/data/train/0/train_0264_aligned.jpg,0
/home/wjh/ABAW5th/data/train/0/train_1118_aligned.jpg,0
/home/wjh/ABAW5th/data/train/0/train_0077_aligned.jpg,0
/home/wjh/ABAW5th/data/train/0/train_0727_aligned.jpg,0
/home/wjh/ABAW5th/data/train/0/train_1621_aligned.jpg,0
/home/wjh/ABAW5th/data/train/0/train_0812_aligned.jpg,0
/home/wjh/ABAW5th/data/train/0/train_3090_aligned.jpg,0
/home/wjh/ABAW5th/data/train/0/train_2279_aligned.jpg,0
/home/wjh/ABAW5th/data/train/0/train_0281_aligned.jpg,0
/home/wjh/ABAW5th/data/train/0/train_1402_aligned.jpg,0
/home/wjh/ABAW5th/data/train/0/train_1740_aligned.jpg,0
/home/wjh/ABAW5th/data/train/0/train_2444_aligned.jpg,0
/home/wjh/ABAW5th/data/train/0/train_0391_aligned.jpg,0
/home/wjh/ABAW5th/data/train/0/train_0902_aligned.jpg,0
/home/wjh/ABAW5th/data/train/0/train_0662_aligned.jpg,0
/home/wjh/ABAW5th/data/train/0/train_0469_aligned.jpg,0
/home/wjh/ABAW5th/data/train/0/train_3087_aligned.jpg,0
/home/wjh/ABAW5th/data/train/0/train_0541_aligned.jpg,0
/home/wjh/ABAW5th/data/train/0/train_2217_aligned.jpg,0
/home/wjh/ABAW5th/data/train/0/train_1163_aligned.jpg,0
/home/wjh/ABAW5th/data/train/0/train_0949_aligned.jpg,0
/home/wjh/ABAW5th/data/train/0/train_2223_aligned.jpg,0
/home/wjh/ABAW5th/data/train/0/train_0080_aligned.jpg,0
/home/wjh/ABAW5th/data/train/0/train_1231_aligned.jpg,0
/home/wjh/ABAW5th/data/train/0/train_0932_aligned.jpg,0
/home/wjh/ABAW5th/data/train/0/train_2564_aligned.jpg,0
/home/wjh/ABAW5th/data/train/0/train_0314_aligned.jpg,0
/home/wjh/ABAW5th/data/train/0/train_2734_aligned.jpg,0
/home/wjh/ABAW5th/data/train/0/train_1927_aligned.jpg,0
/home/wjh/ABAW5th/data/train/0/train_1195_aligned.jpg,0
/home/wjh/ABAW5th/data/train/0/train_2216_aligned.jpg,0
/home/wjh/ABAW5th/data/train/0/train_2607_aligned.jpg,0
/home/wjh/ABAW5th/data/train/0/train_0074_aligned.jpg,0
/home/wjh/ABAW5th/data/train/0/train_3022_aligned.jpg,0
/home/wjh/ABAW5th/data/train/0/train_0509_aligned.jpg,0
/home/wjh/ABAW5th/data/train/0/train_1857_aligned.jpg,0
/home/wjh/ABAW5th/data/train/0/train_0920_aligned.jpg,0
/home/wjh/ABAW5th/data/train/0/train_0150_aligned.jpg,0
/home/wjh/ABAW5th/data/train/0/train_0777_aligned.jpg,0
/home/wjh/ABAW5th/data/train/0/train_0257_aligned.jpg,0
/home/wjh/ABAW5th/data/train/0/train_0601_aligned.jpg,0
/home/wjh/ABAW5th/data/train/0/train_0841_aligned.jpg,0
/home/wjh/ABAW5th/data/train/0/train_0246_aligned.jpg,0
/home/wjh/ABAW5th/data/train/0/train_0090_aligned.jpg,0
/home/wjh/ABAW5th/data/train/0/train_2648_aligned.jpg,0
/home/wjh/ABAW5th/data/train/0/train_0131_aligned.jpg,0
/home/wjh/ABAW5th/data/train/0/train_1471_aligned.jpg,0
/home/wjh/ABAW5th/data/train/0/train_2815_aligned.jpg,0
/home/wjh/ABAW5th/data/train/0/train_1872_aligned.jpg,0
/home/wjh/ABAW5th/data/train/0/train_1417_aligned.jpg,0
/home/wjh/ABAW5th/data/train/0/train_1315_aligned.jpg,0
/home/wjh/ABAW5th/data/train/0/train_2264_aligned.jpg,0
/home/wjh/ABAW5th/data/train/0/train_1901_aligned.jpg,0
/home/wjh/ABAW5th/data/train/0/train_0153_aligned.jpg,0
/home/wjh/ABAW5th/data/train/0/train_0416_aligned.jpg,0
/home/wjh/ABAW5th/data/train/0/train_0133_aligned.jpg,0
/home/wjh/ABAW5th/data/train/0/train_0532_aligned.jpg,0
/home/wjh/ABAW5th/data/train/0/train_1515_aligned.jpg,0
/home/wjh/ABAW5th/data/train/0/train_3145_aligned.jpg,0
/home/wjh/ABAW5th/data/train/0/train_0660_aligned.jpg,0
/home/wjh/ABAW5th/data/train/0/train_2852_aligned.jpg,0
/home/wjh/ABAW5th/data/train/0/train_2705_aligned.jpg,0
/home/wjh/ABAW5th/data/train/0/train_2710_aligned.jpg,0
/home/wjh/ABAW5th/data/train/0/train_1521_aligned.jpg,0
/home/wjh/ABAW5th/data/train/0/train_1775_aligned.jpg,0
/home/wjh/ABAW5th/data/train/0/train_0431_aligned.jpg,0
/home/wjh/ABAW5th/data/train/0/train_0045_aligned.jpg,0
/home/wjh/ABAW5th/data/train/0/train_1758_aligned.jpg,0
/home/wjh/ABAW5th/data/train/0/train_0710_aligned.jpg,0
/home/wjh/ABAW5th/data/train/0/train_2814_aligned.jpg,0
/home/wjh/ABAW5th/data/train/0/train_0239_aligned.jpg,0
/home/wjh/ABAW5th/data/train/0/train_3089_aligned.jpg,0
/home/wjh/ABAW5th/data/train/0/train_2276_aligned.jpg,0
/home/wjh/ABAW5th/data/train/0/train_2278_aligned.jpg,0
/home/wjh/ABAW5th/data/train/0/train_3154_aligned.jpg,0
/home/wjh/ABAW5th/data/train/0/train_2674_aligned.jpg,0
/home/wjh/ABAW5th/data/train/6/train_1498_aligned.jpg,6
/home/wjh/ABAW5th/data/train/6/train_1676_aligned.jpg,6
/home/wjh/ABAW5th/data/train/6/train_2305_aligned.jpg,6
/home/wjh/ABAW5th/data/train/6/train_0319_aligned.jpg,6
/home/wjh/ABAW5th/data/train/6/train_0465_aligned.jpg,6
/home/wjh/ABAW5th/data/train/6/train_1202_aligned.jpg,6
/home/wjh/ABAW5th/data/train/6/train_2146_aligned.jpg,6
/home/wjh/ABAW5th/data/train/6/train_0070_aligned.jpg,6
/home/wjh/ABAW5th/data/train/6/train_2213_aligned.jpg,6
/home/wjh/ABAW5th/data/train/6/train_1727_aligned.jpg,6
/home/wjh/ABAW5th/data/train/6/train_1742_aligned.jpg,6
/home/wjh/ABAW5th/data/train/6/train_0483_aligned.jpg,6
/home/wjh/ABAW5th/data/train/6/train_0105_aligned.jpg,6
/home/wjh/ABAW5th/data/train/6/train_2295_aligned.jpg,6
/home/wjh/ABAW5th/data/train/6/train_1361_aligned.jpg,6
/home/wjh/ABAW5th/data/train/6/train_2861_aligned.jpg,6
/home/wjh/ABAW5th/data/train/6/train_0908_aligned.jpg,6
/home/wjh/ABAW5th/data/train/6/train_1250_aligned.jpg,6
/home/wjh/ABAW5th/data/train/6/train_1597_aligned.jpg,6
/home/wjh/ABAW5th/data/train/6/train_1009_aligned.jpg,6
/home/wjh/ABAW5th/data/train/6/train_1360_aligned.jpg,6
/home/wjh/ABAW5th/data/train/6/train_1147_aligned.jpg,6
/home/wjh/ABAW5th/data/train/6/train_0390_aligned.jpg,6
/home/wjh/ABAW5th/data/train/6/train_1288_aligned.jpg,6
/home/wjh/ABAW5th/data/train/6/train_1438_aligned.jpg,6
/home/wjh/ABAW5th/data/train/6/train_1642_aligned.jpg,6
/home/wjh/ABAW5th/data/train/6/train_0568_aligned.jpg,6
/home/wjh/ABAW5th/data/train/6/train_2083_aligned.jpg,6
/home/wjh/ABAW5th/data/train/6/train_1620_aligned.jpg,6
/home/wjh/ABAW5th/data/train/6/train_2802_aligned.jpg,6
/home/wjh/ABAW5th/data/train/6/train_0398_aligned.jpg,6
/home/wjh/ABAW5th/data/train/6/train_1107_aligned.jpg,6
/home/wjh/ABAW5th/data/train/6/train_1420_aligned.jpg,6
/home/wjh/ABAW5th/data/train/6/train_2790_aligned.jpg,6
/home/wjh/ABAW5th/data/train/6/train_2465_aligned.jpg,6
/home/wjh/ABAW5th/data/train/6/train_2357_aligned.jpg,6
/home/wjh/ABAW5th/data/train/6/train_1136_aligned.jpg,6
/home/wjh/ABAW5th/data/train/6/train_1726_aligned.jpg,6
/home/wjh/ABAW5th/data/train/6/train_1031_aligned.jpg,6
/home/wjh/ABAW5th/data/train/6/train_2924_aligned.jpg,6
/home/wjh/ABAW5th/data/train/6/train_0444_aligned.jpg,6
/home/wjh/ABAW5th/data/train/6/train_1165_aligned.jpg,6
/home/wjh/ABAW5th/data/train/6/train_1058_aligned.jpg,6
/home/wjh/ABAW5th/data/train/6/train_1174_aligned.jpg,6
/home/wjh/ABAW5th/data/train/6/train_0748_aligned.jpg,6
/home/wjh/ABAW5th/data/train/6/train_1364_aligned.jpg,6
/home/wjh/ABAW5th/data/train/6/train_0905_aligned.jpg,6
/home/wjh/ABAW5th/data/train/6/train_1437_aligned.jpg,6
/home/wjh/ABAW5th/data/train/6/train_0438_aligned.jpg,6
/home/wjh/ABAW5th/data/train/6/train_0750_aligned.jpg,6
/home/wjh/ABAW5th/data/train/6/train_2112_aligned.jpg,6
/home/wjh/ABAW5th/data/train/6/train_1421_aligned.jpg,6
/home/wjh/ABAW5th/data/train/6/train_1792_aligned.jpg,6
/home/wjh/ABAW5th/data/train/6/train_1770_aligned.jpg,6
/home/wjh/ABAW5th/data/train/6/train_1922_aligned.jpg,6
/home/wjh/ABAW5th/data/train/6/train_1373_aligned.jpg,6
/home/wjh/ABAW5th/data/train/6/train_1969_aligned.jpg,6
/home/wjh/ABAW5th/data/train/6/train_1075_aligned.jpg,6
/home/wjh/ABAW5th/data/train/6/train_1936_aligned.jpg,6
/home/wjh/ABAW5th/data/train/6/train_0747_aligned.jpg,6
/home/wjh/ABAW5th/data/train/6/train_1196_aligned.jpg,6
/home/wjh/ABAW5th/data/train/6/train_2712_aligned.jpg,6
/home/wjh/ABAW5th/data/train/6/train_3122_aligned.jpg,6
/home/wjh/ABAW5th/data/train/6/train_1039_aligned.jpg,6
/home/wjh/ABAW5th/data/train/6/train_3102_aligned.jpg,6
/home/wjh/ABAW5th/data/train/6/train_0489_aligned.jpg,6
/home/wjh/ABAW5th/data/train/6/train_2791_aligned.jpg,6
/home/wjh/ABAW5th/data/train/6/train_0577_aligned.jpg,6
/home/wjh/ABAW5th/data/train/6/train_1193_aligned.jpg,6
/home/wjh/ABAW5th/data/train/6/train_3018_aligned.jpg,6
/home/wjh/ABAW5th/data/train/6/train_1802_aligned.jpg,6
/home/wjh/ABAW5th/data/train/6/train_1915_aligned.jpg,6
/home/wjh/ABAW5th/data/train/6/train_2117_aligned.jpg,6
/home/wjh/ABAW5th/data/train/6/train_2251_aligned.jpg,6
/home/wjh/ABAW5th/data/train/6/train_1918_aligned.jpg,6
/home/wjh/ABAW5th/data/train/6/train_2229_aligned.jpg,6
/home/wjh/ABAW5th/data/train/6/train_0157_aligned.jpg,6
/home/wjh/ABAW5th/data/train/6/train_0193_aligned.jpg,6
/home/wjh/ABAW5th/data/train/6/train_1794_aligned.jpg,6
/home/wjh/ABAW5th/data/train/6/train_0068_aligned.jpg,6
/home/wjh/ABAW5th/data/train/6/train_1773_aligned.jpg,6
/home/wjh/ABAW5th/data/train/6/train_1970_aligned.jpg,6
/home/wjh/ABAW5th/data/train/6/train_1450_aligned.jpg,6
/home/wjh/ABAW5th/data/train/6/train_1042_aligned.jpg,6
/home/wjh/ABAW5th/data/train/6/train_0210_aligned.jpg,6
/home/wjh/ABAW5th/data/train/6/train_2135_aligned.jpg,6
/home/wjh/ABAW5th/data/train/6/train_1287_aligned.jpg,6
/home/wjh/ABAW5th/data/train/6/train_1687_aligned.jpg,6
/home/wjh/ABAW5th/data/train/6/train_0544_aligned.jpg,6
/home/wjh/ABAW5th/data/train/6/train_2246_aligned.jpg,6
/home/wjh/ABAW5th/data/train/6/train_1007_aligned.jpg,6
/home/wjh/ABAW5th/data/train/6/train_2655_aligned.jpg,6
/home/wjh/ABAW5th/data/train/6/train_0404_aligned.jpg,6
/home/wjh/ABAW5th/data/train/6/train_1145_aligned.jpg,6
/home/wjh/ABAW5th/data/train/6/train_0974_aligned.jpg,6
/home/wjh/ABAW5th/data/train/6/train_1955_aligned.jpg,6
/home/wjh/ABAW5th/data/train/6/train_1183_aligned.jpg,6
/home/wjh/ABAW5th/data/train/6/train_0170_aligned.jpg,6
/home/wjh/ABAW5th/data/train/6/train_1143_aligned.jpg,6
/home/wjh/ABAW5th/data/train/6/train_0426_aligned.jpg,6
/home/wjh/ABAW5th/data/train/6/train_2182_aligned.jpg,6
/home/wjh/ABAW5th/data/train/6/train_0625_aligned.jpg,6
/home/wjh/ABAW5th/data/train/6/train_2296_aligned.jpg,6
/home/wjh/ABAW5th/data/train/6/train_1113_aligned.jpg,6
/home/wjh/ABAW5th/data/train/6/train_0056_aligned.jpg,6
/home/wjh/ABAW5th/data/train/6/train_3110_aligned.jpg,6
/home/wjh/ABAW5th/data/train/6/train_3158_aligned.jpg,6
/home/wjh/ABAW5th/data/train/6/train_1121_aligned.jpg,6
/home/wjh/ABAW5th/data/train/6/train_0961_aligned.jpg,6
/home/wjh/ABAW5th/data/train/6/train_0403_aligned.jpg,6
/home/wjh/ABAW5th/data/train/6/train_0451_aligned.jpg,6
/home/wjh/ABAW5th/data/train/6/train_1903_aligned.jpg,6
/home/wjh/ABAW5th/data/train/6/train_1914_aligned.jpg,6
